HOSPITAL_ID,OWNER_ID,NAME,ADDRESS,DETAIL_ADDRESS,PHONE,LATITUDE,LONGITUDE,OPEN_TIME,CLOSE_TIME,STATUS,DESCRIPTION,IMAGE_URL,CREATED_AT,UPDATED_AT,WEBSITE_URL,DISTRICT,STATUS_CODE,OPERATION_STATUS_TEXT,DATA_UPDATED_AT,LAST_MODIFIED_AT,BREAK_TIME,CLOSED_DAYS,MEDICAL_SUBJECTS,DOCTOR_INFO,OWNER_NAME,SOURCE_URL,CHECKED_AT,NOTE,COLUMN1
1,,마포온 동물메디컬센터,서울특별시 마포구 마포대로 173-14 마포 센텀 슬로우스퀘어 308~310호 (아현동),서울특별시 마포구 아현동 618-19 마포 센텀 슬로우스퀘어,0507-1319-3535,195829.955210361,449860.57540675,10:00,19:30,OPEN,마포온 동물메디컬센터는 수술 및 중증질환 중심의 2차 동물병원입니다. 보호자분들이 어려운 치료 선택 과정에서 보다 합리적인 결정을 내릴 수 있도록 정확한 진단과 충분한 설명을 제공합니다. 중환자 심혈관계질환 호르몬질환 정형외과 신경외과 연부조직외과 진료를 기반으로 체계적인 진단과 치료 시스템을 운영합니다. 치료 과정과 예후를 보호자분들께 이해하기 쉽게 안내하며 환자와 보호자 모두가 안심할 수 있는 진료 환경을 만들어가겠습니다. 현재 2026년 7월1일 개원예정이며 지역사회와 오래 함께할 수 있는 신뢰 기반의 동물메디컬센터를 지향합니다.,1,,,https://www.instagram.com/mapoonamc,마포구,1,영업/정상,2026-06-26 18:15:41,2026-06-27 22:02:51,13:00-14:00,,2,피부과/내과/안과/치과/임상병리학과/영상의학과/예방의학과/이비인후과/비뇨기과/외과/정형외과/산과,소재원,https://www.instagram.com/mapoonamc,2026-07-08,,
2,,24시여의동물의료센터,서울특별시 영등포구 국회대로74길 4 KCTOWER 1층 (여의도동),서울특별시 영등포구 여의도동 13-13 KCTOWER,02-785-2475,,,00:00,24:00,OPEN,우리 병원은 여의도에 위치한 24시 동물병원입니다.,2,,,,,영등포구,1,영업/정상,2026-07-03 14:34:37,2026-07-04 22:02:00,,,,내과/외과/정형외과/피부과/영상의학과,내과/외과/정형외과/피부과/영상의학과,,https://map.naver.com/p/entry/place/2074651089?lng=126.9207301&lat=37.5305045&placePath=%2Ffeed%3FfeedId%3D21416120&searchType=place&c=15.00 0 0 0 dh,2026-07-08,26/07/05 신규 설립,
3,,늘숨동물병원&심장영상센터,서울특별시 은평구 수색로 217 107호 108호 (수색동 디엠씨 자이1단지(DMC 자이1)),서울특별시 은평구 수색동 75 디엠씨 자이1단지(DMC 자이1) 107호 108호,02-2135-4275,190977.850603548,453037.787995874,10:00,19:30,OPEN,19년간 임상에서 환자를 보면서 실력을 인정 받아 다른 수의사 선생님들께도 심장초음파를 강의해왔습니다.,3,,,https://blog.naver.com/neulsoom_,은평구,1,영업/정상,2026-06-19 18:01:01,2026-06-20 22:32:00,13:00-14:00,일,심장과,심장과,아정우,https://blog.naver.com/neulsoom_,2026-07-08,심장 전문,
4,,더벳연희동물병원,서울특별시 서대문구 증가로 15 연희빌딩 1층 (연희동),서울특별시 서대문구 연희동 122-2 연희빌딩,02-6623-0425,193838.398370816,451917.623381651,10:00,20:00,OPEN,- 내과/피부과 석사 수의사 선생님이 계십니다. - 내과/피부과 외과 진료 검역 서류를 하고 있습니다. - 예약 우선제 입니다. 예약은 전화와 네이버를 통해 가능합니다.,4,,,http://www.thevetyeonhui.com,서대문구,1,영업/정상,2026-06-01 10:33:44,2026-06-02 22:02:03,,일요일,,외과/내과,김학윤,https://www.thevetyeonhui.com/,2026-07-08,,
5,,반포아이즈안과 동물병원,서울특별시 서초구 서래로 24 다솜빌딩 2층 (반포동),서울특별시 서초구 반포동 90-10 다솜빌딩,02-533-2606,199795.776843503,443879.359734194,10:00,19:00,OPEN,반포아이즈안과동물병원은 건국대학교 안과 수의학 박사 학위를 취득한 대표 원장이 직접 진료와 수술을 하는 안과 특화 동물병원입니다,5,,,https://talk.naver.com/profile/wk9n2c7,서초구,1,영업/정상,2026-05-28 09:34:00,2026-05-29 22:02:00,13:00-14:00,일,,안과/정밀검진,,https://booking.naver.com/booking/13/bizes/1670762,2026-07-07,안과전문,
6,,봄날에동물병원,서울특별시 강북구 삼양로19길 214 금강빌딩 지1층 (미아동),서울특별시 강북구 미아동 1353-7 금강빌딩 지1층,02-6949-1579,201293.723872419,457479.348898803,10:00,20:00,OPEN,우리 아이와 함께하는 일상이 늘 따뜻한 '봄날'이기를 바랍니다. 솔샘역 우리 동네 평생 주치의 <봄날에 동물병원>입니다. 말 못 하는 반려동물이 아플 때 가장 필요한 것은 정확한 진단과 따뜻한 보살핌입니다. 봄날에 동물병원은 생명을 대하는 무거운 책임감을 바탕으로 아이들에게는 무섭지 않은 병원을 보호자님께는 믿고 맡길 수 있는 든든한 병원이 되겠습니다.,6,,,https://blog.naver.com/bomnaleah,강북구,1,영업/정상,2026-06-09 15:06:58,2026-06-10 03:03:03,13:00-14:00,매주 일요일,내과/외과,내과/외과,,https://blog.naver.com/bomnaleah,2026-07-08,,
7,,내과관리전문 봄결동물병원 서초점,서울특별시 서초구 서초중앙로2길 66 202호 (서초동),서울특별시 서초구 서초동 1430-3 202호,02-582-5393,201775.609433072,442471.689586747,10:00,19:00,OPEN,내분비(쿠싱 당뇨 갑상선) 심장 신장 질환 관리 전문 동물병원,7,,,https://bomgyeolah.com/#mission,서초구,1,영업/정상,2026-05-20 16:30:20,2026-05-21 22:02:00,13:00-14:00,수/목,,내과,,https://bomgyeolah.com/#mission,2026-07-07,내과전문,
8,,더베이스 동물피부과병원,서울특별시 용산구 한강대로 95 B동 지하2층 263호 (한강로2가 래미안용산 더 센트럴),서울특별시 용산구 한강로2가 422 래미안용산 더 센트럴,02-6954-0175,197011.737528847,447430.100250997,09:30,18:30,OPEN,국내외 임상 현장에서 증명된 풍부한 경험과 학술적 성과를 토대로 반려동물에게 최적화된 고품격 피부과 진료를 실현합니다.,8,,,https://thebasevd.co.kr/,용산구,1,영업/정상,2026-05-20 18:07:30,2026-05-21 22:32:00,13:30-14:30,일,피부과,피부과,박진오,https://thebasevd.co.kr/,2026-07-08,피부 전문,
9,,서울 스템셀 동물병원,서울특별시 영등포구 의사당대로 38 101-105호 (여의도동),서울특별시 영등포구 여의도동 17 여의도더샵아일랜드파크,02-780-9441,192747.419300064,447054.988337321,10:00,17:00,OPEN,마음 편히 찾을 수 있는 따뜻한 공간에서 첨단 줄기세포 치료부터 믿을 수 있는 일반 진료까지 정직하게 처방하겠습니다.,9,,,,https://map.naver.com/p/entry/place/2093413815?lng=126.9187147&lat=37.5257581&placePath=%2Fbooking%3FfromNxList%3Dtrue%26fromPanelNum%3D1%26additionalHeight%3D76%26timestamp%3D202607081312%26locale%3Dko%26svcName%3Dmap_pcv5&placeSearchOption=entry%3D%26fromNxList%3Dtrue&searchType=place&c=15.00 0 0 0 dh,영등포구,1,영업/정상,2026-05-14 13:43:23,2026-05-15 22:02:00,12:00-13:00,일,내과/외과/치과,내과/외과/치과,,https://map.naver.com/p/entry/place/2093413815?lng=126.9187147&lat=37.5257581&placePath=%2Fbooking%3FfromNxList%3Dtrue%26fromPanelNum%3D1%26additionalHeight%3D76%26timestamp%3D202607081312%26locale%3Dko%26svcName%3Dmap_pcv5&placeSearchOption=entry%3D%26fromNxList%3Dtrue&searchType=place&c=15.00 0 0 0 dh,2026-07-08,정보 많이 없음,
10,,포커스동물의료센터,서울특별시 영등포구 신풍로 28 제에코동 지하1층 제비128~131호 (신길동 비스타동원),서울특별시 영등포구 신길동 4975 비스타동원 제에코동 제비128호,02-6952-4946,,,10:00,20:00,OPEN,과하지 않지만 부족함 없이 신뢰할 수 있는 의료를 꾸준히 이어가겠습니다. 항상 최선을 다해 진료하겠습니다.,10,,,http://focusamc26.com/landing.php,영등포구,1,영업/정상,2026-05-08 10:37:31,2026-05-11 22:02:42,13:00-14:00,,내과/외과/안과/피부과/정형외과,내과/외과/안과/피부과/정형외과,이충일,http://focusamc26.com/landing.php,2026-07-08,,
11,,늘동물의료센터,서울특별시 강동구 상일로12길 89 102~105호 (상일동 리엔타운),서울특별시 강동구 상일동 528 리엔타운,02-6447-7575,215195.629177217,450482.40109929,09:30,22:00,OPEN,늘 그 자리에서 반려동물과 보호자의 곁을 지키겠습니다.,11,,,https://www.neulamc.co.kr/,강동구,1,영업/정상,2026-04-17 14:33:54,2026-05-07 22:03:39,,,내과/외과,내과/외과,김태우,https://www.neulamc.co.kr/,2027.07.07,,
12,,마포아이뷰 안과동물병원,서울특별시 마포구 토정로31길 12 2층 (용강동),서울특별시 마포구 용강동 179,02-6952-7526,194846.214072081,448803.139538176,09:30,18:30,OPEN,안녕하세요 저희 마포동물병원 아이뷰안과동물병원은 안과 특화 동물병원으로 정밀 안과검사를 통해 질환 조기에 발견하고 치료합니다.,12,,,https://www.iview2026.com/,마포구,1,영업/정상,2026-04-21 18:05:24,2026-05-11 22:46:56,12:30-13:30,,,안과,박상현,https://www.iview2026.com/,2026-07-08,,
13,,강서늘봄동물병원,서울특별시 강서구 화곡로 277 경일빌딩 1층 (화곡동),서울특별시 강서구 화곡동 986-16 경일빌딩,02-6951-1575,186435.657737883,449713.364048961,00:00,24:00,OPEN,24시 동물의료센터 출신 의료진이 진료하는 강서구 동물병원입니다. 365일 주 7일 진료로 평일 뿐 아니라 주말에도 편하게 내원하실 수 있습니다.,13,,,https://www.instagram.com/neulbomah,강서구,1,영업/정상,2026-04-10 10:38:37,2026-05-09 22:02:20,13:00-14:00,,피부과/내과/안과/치과/예방의학과/이비인후과/비뇨기과/외과/정형외과,피부과/내과/안과/치과/예방의학과/이비인후과/비뇨기과/외과/정형외과,정재우,https://www.instagram.com/neulbomah,2026-07-08,,
14,,차오름동물병원,서울특별시 마포구 마포대로 208 효성인텔리안 106호 (아현동),서울특별시 마포구 아현동 733 효성인텔리안,02-706-7975,196116.359505276,450027.068949628,10:00,19:00,OPEN,차오름동물병원은 토끼 전문 진료로 유명하며 원장님이 토끼에 대한 깊은 애정과 전문성을 바탕으로 열정적으로 설명해줍니다. 예약 없이 방문해도 대기 시간이 짧고 과잉 진료 없이 근거 기반의 상세한 상담과 수술을 진행합니다. 사람에게는 다소 차갑게 느껴질 수 있으나 동물에게는 매우 친절하며 영문 자료까지 제시하며 신뢰를 줍니다. 먼 거리에서도 안심하고 맡길 수 있는 곳으로 평가받습니다.,14,,,https://meongsiljang.com/ko/places/9981a8da0a,마포구,1,영업/정상,2026-04-23 17:48:45,2026-05-11 22:46:56,,일요일,,,,https://meongsiljang.com/ko/places/9981a8da0a,2026-07-08,토끼,
15,,엠에스동물안과병원,서울특별시 서초구 강남대로 487 원빌딩 1층 (반포동),서울특별시 서초구 반포동 737-18 원빌딩,02-6925-1396,201997.65513961,444838.539761233,10:00,19:00,OPEN,내 아이의 눈 가장 전문적인 손길이 필요합니다. 소중한 반려동물의 세상을 더 밝고 선명하게 지켜드리는 MS동물안과입니다.,15,,,https://www.mseye-amc.co.kr/,서초구,1,영업/정상,2026-04-16 09:26:39,2026-05-10 23:01:30,13:00-14:00,,안과2,안과,장지영,https://www.mseye-amc.co.kr/,2026-07-07,안과전문,
16,,클레어 동물병원,서울특별시 서초구 잠원로8길 25 2층 212호 (잠원동),서울특별시 서초구 잠원동 57-20 212호,02-6952-7505,200958.810528572,445792.191399183,10:00,20:00,OPEN,다양한 진료 경험과 첨단 의료 장비를 바탕으로 아이에게 꼭필요한 진료를 정확하고 꼼꼼하게 제공합니다.,16,,,https://www.claireac.com/,서초구,1,영업/정상,2026-03-24 09:26:45,2026-05-10 23:01:30,13:00-14:00,,,내과/외과/치과,최봉호,https://www.claireac.com/,2026-07-07,,
17,,클라리티 동물치과병원,서울특별시 강남구 학동로 208 용문빌딩 2층 202호 (논현동),서울특별시 강남구 논현동 208 용문빌딩 2층 202호,02-2038-7889,202746.211734134,445749.051682872,10:00,22:00,OPEN,14년 경력의 현직 치과의사 개원의이자 수의사인 대표원장이 직접 진료하며 정밀 진단을 바탕으로 보존 치료부터 고난도 치과수술까지 체계적으로 진료합니다.,17,,,https://www.clarity-vetdental.kr/,강남구,1,영업/정상,2026-04-28 09:32:34,2026-04-29 03:03:03,13:00-14:00/17:00-18:00,목/금,치과,치과,김국현,https://www.clarity-vetdental.kr/,2026-07-07,,
18,,아스펜동물의료센터,서울특별시 송파구 올림픽로 393 잠실래미안아이파크상가 306~307호 (신천동),서울특별시 송파구 신천동 20-4,02-6953-3339,209720.290631496,446244.350393389,09:30,18:30,OPEN,반려동물은 조건 없이 우리에게 사랑을 건네는 존재입니다. 그저 함께 있는 순간만으로 우리는 사랑받는 존재임을 깨닫습니다.,18,,,https://blog.naver.com/aspen_amc,송파구,1,영업/정상,2026-03-27 18:05:19,2026-05-02 22:44:24,13:00-14:00,수/일,내과/외과/심장과,내과/외과/심장과,연규덕/최진영,https://blog.naver.com/aspen_amc,2027.07.08,,
19,,브라이튼안과치과동물병원,서울특별시 양천구 신월로 338 태성빌딩 3층 (신정동),서울특별시 양천구 신정동 1026-1,02-2039-0039,187415.922905255,446600.184140953,10:00,19:00,OPEN,브라이튼은 안과와 치과 삶의 질과 직결된 두 가지 전문 분야에 집중하는 심화 진료 동물병원입니다.,19,,,https://blog.naver.com/brightenvet,양천구,1,영업/정상,2026-03-06 13:02:51,2026-05-07 22:02:41,13:00-14:00,금/토,안과,안과,류연제,https://blog.naver.com/brightenvet,2027.07.08,안과 전문,
20,,반포베이스 동물의료센터,서울특별시 서초구 사평대로18길 10 부림빌딩 1층 102호 (반포동),서울특별시 서초구 반포동 107-45 부림빌딩 1동 102호,02-6953-0071,199540.058557374,444026.800198634,09:30,19:00,OPEN,외과박사의 재활 미국 CVA 침치료 변동 서울대 피부과/반포 유일 오로레이저 변동 고난이도 종양 정형 신경 수술 변동,20,,,https://m.place.naver.com/pet/2099137054/home,서초구,1,영업/정상,2026-02-25 10:34:09,2026-05-10 23:01:30,13:00-14:00,무휴,2,내과/외과/피부과/안과,권재연,https://m.place.naver.com/pet/2099137054/home,2026-07-07,,
21,,에르동물의료센터,서울특별시 강남구 언주로 415 유일 빌딩 1층 (역삼동),서울특별시 강남구 역삼동 721-37 유일 빌딩,0507-1425-4302,203782.829943718,444198.180003259,10:00,24:00,OPEN,말 못 하는 아이들의 마음까지 헤아리는 에르동물의료센터,21,,,https://blog.naver.com/eramc247,강남구,1,영업/정상,2026-01-15 13:08:32,2026-01-16 22:02:00,13:00-14:00,수,영상의학과/마취통증의학과,영상의학과/마취통증의학과,오동현,https://blog.naver.com/prologue/PrologueList.naver?blogId=eramc247,2026-07-07,,
22,,잠실바른눈안과동물병원,서울특별시 송파구 삼학사로 67 상구빌딩 2층 (삼전동),서울특별시 송파구 삼전동 132-6 상구빌딩 2층,02-2039-2119,208488.63100076,444574.426119412,09:30,18:00,OPEN,근거 중심의 올바른 진료로 반려동물의 바른 눈을 지키는 잠실바른눈안과동물병원입니다 :),22,,,http://animaleyeclinic.co.kr/,송파구,1,영업/정상,2026-02-13 10:04:07,2026-05-02 22:44:24,12:30-13:30,월,안과/마취과,안과/마취과,성현우,http://animaleyeclinic.co.kr/,2027.07.08,안과 전문,
23,,서울행운동물병원,서울특별시 관악구 남부순환로 1895 2층 (봉천동),서울특별시 관악구 봉천동 1680-11,02-2088-6259,196409.202870272,441837.788616059,09:30,19:00,OPEN,서울시 관악구 행운동에 위치한 서울행운동물병원입니다. 반려동물의 상태를 정확히 진단하고 보호자님과 충분히 소통하며 아이들의 삶의 질을 높이는 진료를 지향합니다. 고양이 스트레스를 줄이기 위한 고양이 전용 공간을 운영하며 건강검진 시 결과 파일을 제공해드립니다.,23,,,https://www.instagram.com/luckyamc1895,관악구,1,영업/정상,2026-01-15 11:11:55,2026-05-08 22:40:52,13:00-14:00,수요일,내과/외과,내과/외과,이승영,https://www.instagram.com/luckyamc1895,2026-07-08,,
24,,동물병원 산책: 내과/외과/재활센터,서울특별시 은평구 서오릉로 9 서운빌딩 102 103호 (응암동),서울특별시 은평구 응암동 84-1 서운빌딩 102 103호,02-2088-4531,193425.18186685,455537.043261083,10:00,21:00,OPEN,동물병원 산책은 빠른 결정이 아닌 정확한 판단을 바탕으로 아이의 치료와 회복을 끝까지 책임집니다.,24,,,https://blog.naver.com/walkingamc,은평구,1,영업/정상,2026-02-03 13:20:51,2026-02-04 22:32:00,13:00-14:00,,내과/외과/정형외과/피부과/영상의학과,내과/외과/정형외과/피부과/영상의학과,,https://blog.naver.com/walkingamc,2026-07-08,,
25,,THE허그동물의료센터,서울특별시 송파구 올림픽로 366 201호 (방이동 파라다이스빌잠실),서울특별시 송파구 방이동 40 파라다이스빌잠실 201호,02-2202-2025,209725.556146719,446039.346355569,10:00,22:00,OPEN,THE허그동물의료센터가 보호자 분들과 번려동물 옆에서 사랑으로 치유하며 따뜻하게 위로하겠습니다.,25,,,http://hugamc.com/,송파구,1,영업/정상,2026-01-05 11:26:48,2026-05-02 22:44:24,,,내과/외과/안과/피부과/정형외과,내과/외과/안과/피부과/정형외과,백승현/정성윤,http://hugamc.com/,2027.07.08,고양이 전문,
26,,마곡준동물병원,서울특별시 강서구 수명로 82 발산로얄타워 202호 (내발산동),서울특별시 강서구 내발산동 750 발산로얄타워,02-2666-2611,184596.054749491,450145.997297011,10:00,19:30,OPEN,마곡 발산 우장산 부근의 고양이와 강아지를 책임집니다. 치료는 물론 예방(건강검진)까지 세심하게 실시합니다.,26,,,https://blog.naver.com/mgjoon_ah,강서구,1,영업/정상,2026-05-08 10:20:36,2026-05-09 03:03:03,12:00-13:00,일요일,내과/외과/치과/안과,내과/외과/치과/안과,김형준,https://blog.naver.com/mgjoon_ah,2026-07-08,,
27,,하이디고양이병원,서울특별시 마포구 성미산로1길 50 (성산동),서울특별시 마포구 성산동 258-8,0507-1450-4502,191745.63348846,450871.313112954,10:00,19:00,OPEN,하이디고양이병원은 구내염 및 치과 수술 전문으로 원장님과 간호사들이 예민한 고양이도 어루만지며 편안하게 치료해줍니다. 따뜻한 병원 분위기와 정성스러운 치료로 수술 후 빠른 회복을 경험할 수 있으며 퇴원 시 애정 어린 사진 선물도 제공합니다. 다만 발치 수술 예약이 한 달 이상 꽉 차 있을 수 있으니 먼 거리에서 방문하시는 보호자들은 미리 예약을 확인하는 것이 좋습니다.,27,,,https://meongsiljang.com/ko/places/9315268c5c,마포구,1,영업/정상,2025-12-24 16:10:24,2026-05-11 22:46:56,,월요일,,,,,2026-07-08,고양이 / 홈페이지불명확,
28,,정든동물병원,서울특별시 은평구 수색로 200 1층 120 130호 (증산동 DMC센트럴자이),서울특별시 은평구 증산동 258 DMC센트럴자이,02-306-9990,191337.27325892,453194.537663327,10:00,21:00,OPEN,소중한 내 아이의 건강을 위하여 그 무엇과도 타협하지 않고 오직 최고만을 고집하는 정든동물병원입니다 :),28,,,https://blog.naver.com/jd_ah,은평구,1,영업/정상,2026-04-21 13:36:56,2026-04-24 23:07:29,13:00-14:00,화,내과/외과/치과/정형외과/신경외과,내과/외과/치과/정형외과/신경외과,김전모,https://blog.naver.com/jd_ah,2026-07-08,,
29,,노원온동물병원,서울특별시 노원구 노원로 456 백암빌딩 1층 (상계동),서울특별시 노원구 상계동 371-2 백암빌딩,02-6953-1445,205811.254840779,461684.988590888,09:30,22:00,OPEN,따뜻할 온(溫) 늘 열려있는 온(ON) 정직한 진료와 따뜻한 마음으로 보호자와 반려동물 모두가 신뢰할수 있는 진료를 목표로 합니다. '온(溫)'은 따뜻함과 진심을 'ON'은 언제나 열려있는 마음과 소통을 의미합니다. 저희 병원은 단순히 질병을 치료하는 곳이 아니라 반려 가족의 일원으로 항상 진료를 고민하고 늘 공감하는 병원이 되고자 합니다.,29,,,https://nowonon.imweb.me/,노원구,1,영업/정상,2025-10-23 13:50:52,2026-05-11 22:47:50,,,피부과/내과/안과/치과/예방의학과/이비인후과/비뇨기과/외과/정형외과/산과,피부과/내과/안과/치과/예방의학과/이비인후과/비뇨기과/외과/정형외과/산과,권지혜,https://nowonon.imweb.me/,2026-07-08,,
30,,Severance AMC,서울특별시 광진구 천호대로 512 군자빌딩 b층 02호 (군자동),서울특별시 광진구 군자동 466-17 군자빌딩,,206582.005887061,450685.591302855,,,OPEN,,30,,,,광진구,1,영업/정상,2025-10-17 09:55:01,2026-05-08 22:46:01,,,,,,,,,,,
31,,한국영양전문동물병원,서울특별시 송파구 법원로4길 6 문정 아이파크 214호 (문정동),서울특별시 송파구 문정동 652-5 문정 아이파크 214호,02-6952-8275,,,10:00,19:00,OPEN,한국영양전문동물병원입니다. 일반 진료는 하지 않고 아이들의 영양상담만 100% 예약제로 운영하고 있습니다.,31,,,https://blog.naver.com/kvnc1,송파구,1,영업/정상,2025-10-13 10:24:58,2026-05-02 22:44:24,,월/화,영양상담,,,https://blog.naver.com/kvnc1,2027.07.08,영양제 전문,
32,,서울 알레르기 동물병원,서울특별시 강동구 양재대로 1581 1층 (천호동),서울특별시 강동구 천호동 34-8,02-2039-8075,212560.273562282,449402.916124208,09:00,18:30,OPEN,매번 다시 시작되는 우리 아이의 가려움 서울 알레르기 동물병원은 원인부터 치료합니다.,33,,,http://seoulallergy.co.kr/,강동구,1,영업/정상,2025-09-29 17:39:47,2026-05-07 22:03:39,13:30-14:30,일,피부과,피부과,양창윤,http://seoulallergy.co.kr/,2027.07.07,,
33,,위례따숨동물병원,서울특별시 송파구 위례광장로 136 3동 C112호 (장지동 위례아이파크),서울특별시 송파구 장지동 894 위례아이파크 3동 C112호,02-400-8820,212494.327675839,441590.062253247,10:00,19:00,OPEN,아픈 아이를 안고 발을 동동 구르던 보호자의 마음 그 마음을 누구보다 잘 알기에 따숨은 '진심'을 다해 진료합니다.,33,,,https://blog.naver.com/ttasoomcare,송파구,1,영업/정상,2026-02-20 10:17:05,2026-05-02 22:44:24,13:00-14:00,일,내과/외과/안과/피부과/정형외과,내과/외과/안과/피부과/정형외과,강수현,https://blog.naver.com/ttasoomcare,2027.07.08,심장 전문,
34,,24시 데이원 동물의료센터,서울특별시 동작구 동작대로 151 (사당동),서울특별시 동작구 사당동 84-5,02-591-7555,198352.130093385,443101.215612197,00:00,24:00,OPEN,안녕하세요. 365일 24시간 반려동물의 건강을 지키는 24시데이원동물의료센터입니다. - 건국대학교 & 2차 병원 출신 의료진 24시간 상시 진료 - 365일 연중무휴 100평규모 동물의료센터 -응급&일반외과&정형외과 -메인 수술실/치과 치료실 분리 세팅 -대학 병원급 최신 의료 장비 보유/중증 심화 질환 진단 및 치료 -20여개 이상의 입원실과 중증환자 케어시설 세팅 -강아지/고양이 대기&진료&입원실 분리 -ISFM 고양이 친화병원 최고레벨(골드) 인증 우리 아이라는 생각으로 정성을 다해 진료하겠습니다.,34,,,https://blog.naver.com/24dayoneamc,동작구,1,영업/정상,2025-09-17 11:11:28,2026-05-03 22:39:07,,,5,외과/중증/치과,홍은기,https://blog.naver.com/24dayoneamc,2026-07-08,고양이친화,
35,,온숲 영상·외과 동물의료센터,서울특별시 강남구 도곡로 241 3 4층 (역삼동),서울특별시 강남구 역삼동 786-16,02-6951-5324,203896.530084243,443529.733928528,00:00,24:00,OPEN,365일 24시간 반려동물의 건강을 지키는 든든한 주치의,37,,,https://blog.naver.com/PostList.naver?from=postList&blogId=onsoop24&categoryNo=5&parentCategoryNo=5&currentPage=2,강남구,1,영업/정상,2025-09-09 19:29:24,2025-12-15 16:15:28,,,내과/외과,내과/외과,,https://blog.naver.com/PostList.naver?from=postList&blogId=onsoop24&categoryNo=5&parentCategoryNo=5&currentPage=2,2026-07-07,,
36,,24시 온숲 동물의료센터,서울특별시 강남구 도곡로 241 1 2층 (역삼동),서울특별시 강남구 역삼동 786-16,02-6951-5324,203896.530084243,443529.733928528,00:00,24:00,OPEN,365일 24시간 반려동물의 건강을 지키는 든든한 주치의,37,,,https://blog.naver.com/PostList.naver?from=postList&blogId=onsoop24&categoryNo=5&parentCategoryNo=5&currentPage=2,강남구,1,영업/정상,2026-02-27 09:52:26,2026-02-28 22:02:01,,,내과/외과,내과/외과,,https://blog.naver.com/PostList.naver?from=postList&blogId=onsoop24&categoryNo=5&parentCategoryNo=5&currentPage=2,2026-07-07,,
37,,별빛동물병원,서울특별시 노원구 덕릉로127길 25 104호 (상계동 불암산센트럴아파트),서울특별시 노원구 상계동 1320 불암산센트럴아파트,,,207098.659548494,463287.58273428,,,OPEN,,37,,,,노원구,1,영업/정상,2025-07-16 10:27:58,2026-05-11 22:47:50,,,,,,,,,,2026-07-08,,
38,,용산마음동물병원,서울특별시 용산구 백범로 340 2층 (원효로2가),서울특별시 용산구 원효로2가 1-36,02-711-7580,196979.093087733,448380.524209959,10:00,20:00,OPEN,정밀함과 안전함을 보장하는 최고 수준의 장비. 환자를 먼저 생각하는 신중한 상담과 진료를 보장합니다.,38,,,https://blog.naver.com/rkwmn67022,용산구,1,영업/정상,2025-07-31 10:02:44,2025-12-15 16:15:28,,,내과/외과,내과/외과,김지윤/김현진,https://blog.naver.com/rkwmn67022,2026-07-08,애견 호텔,
39,,동물병원 숲,서울특별시 강서구 마곡서1로 132 상가동 101호 (마곡동 마곡엠밸리3단지),서울특별시 강서구 마곡동 736 마곡엠밸리3단지,02-6954-7533,184039.446537083,451777.675326573,10:00,20:00,OPEN,반려동물과 보호자 모두가 편안하게 머물 수 있는 따뜻한공간 17년차 원장의 꼼꼼한 진료 자연을 닮은 마음 서울 강서구 마곡엠밸리 3단지 근처에서 소중한 가족을 위한 진료 숲처럼 포근하고 정직하게 동물병원숲이 함께 하겠습니다,39,,,https://blog.naver.com/ah_forest,강서구,1,영업/정상,2025-07-01 18:35:30,2026-05-09 22:02:20,13:00-14:00,일요일,내과/외과,내과/외과,,https://blog.naver.com/ah_forest,2026-07-08,,
40,,미사랑동물병원,서울특별시 강동구 고덕로14길 61 1층 (암사동),서울특별시 강동구 암사동 469-2,010-7253-7582,211524.201721477,449971.203655506,,,OPEN,온 마음을 다해 진료합니다.,32,,,https://www.instagram.com/misaranghp,강동구,1,영업/정상,2025-06-30 13:48:00,2026-05-07 22:03:39,,,,미용,미용,,https://www.instagram.com/misaranghp,2027.07.07,,
41,,오복동물치과병원,서울특별시 마포구 독막로 257 1층 (대흥동),서울특별시 마포구 대흥동 405-4,02-711-2876,194822.363341535,449344.730012139,09:30,18:00,OPEN,강아지 고양이 치과 병원 '오복동물치과병원' 입니다.,41,,,https://blog.naver.com/snap1727,마포구,1,영업/정상,2026-05-20 14:37:23,2026-05-21 03:03:03,13:00-14:00,일요일,,치과,이성혁,https://blog.naver.com/snap1727,2026-07-08,강아지치과 고양이정보부족,
42,,반려담동물병원,서울특별시 강남구 봉은사로44길 61 2층 (역삼동),서울특별시 강남구 역삼동 690-11 2층,0507-1375-0802,203679.445613252,444841.09782076,10:00,20:00,OPEN,우리 아이의 평생 주치의 반려담 동물병원 입니다. 수술전문/내과전문(심장 신장 내분비)/건강검진전문,42,,,https://blog.naver.com/brdamah,강남구,1,영업/정상,2025-06-12 16:27:08,2025-12-15 16:15:28,13:00-14:00,목,,내과/외과/건강검진,박동민,https://blog.naver.com/PostList.naver?blogId=brdamah&from=postList&categoryNo=10,2026-07-07,,
43,,목동찬동물의료센터,서울특별시 양천구 오목로 285 1층 (목동),서울특별시 양천구 목동 406-293,02-2038-8119,188362.123149396,447056.174139728,10:00,22:00,OPEN,[마음을 잇는 진료 삶을 찬미하는 공간] '찬'은 '빛날 찬(璨)'ㅡ 반려동물의 삶을 빛나게 하겠다는 다짐을 담았습니다.,43,,,http://www.chanamc.com/,양천구,1,영업/정상,2025-11-27 15:46:44,2026-05-07 22:02:41,,,내과/외과/정형외과/피부과/영상의학과,내과/외과/정형외과/피부과/영상의학과,이예현/전기옥/국민영,http://www.chanamc.com/,2027.07.08,,
44,,아나동물메디컬센터,서울특별시 강동구 올림픽로78길 60 B101동 16호 (천호동 강동 밀레니얼 중흥S-클래스),서울특별시 강동구 천호동 423-200 강동 밀레니얼 중흥S-클래스,02-6952-3375,211150.812213612,448805.145144628,10:00,20:00,OPEN,아이들의 작은 신호에도 귀 기울이며 정확하고 부담 없는 진료를 제공합니다.,44,,,https://map.naver.com/p/entry/place/2004598996?lng=127.1280172&lat=37.5409724&placePath=%2Fhome%3FfromPanelNum%3D1%26additionalHeight%3D76%26timestamp%3D202607071559%26locale%3Dko%26svcName%3Dmap_pcv5&searchType=place&c=15.00 0 0 0 dh,강동구,1,영업/정상,2026-05-14 09:45:22,2026-05-15 03:03:03,13:00-14:00,월/화,정형외과/중성화,정형외과/중성화,,https://map.naver.com/p/entry/place/2004598996?lng=127.1280172&lat=37.5409724&placePath=%2Fhome%3FfromPanelNum%3D1%26additionalHeight%3D76%26timestamp%3D202607071559%26locale%3Dko%26svcName%3Dmap_pcv5&searchType=place&c=15.00 0 0 0 dh,2027.07.07,,
45,,동물의료센터24인치,서울특별시 영등포구 가마산로 496 JS타워 205~207 303~304 306~307호 (신길동),서울특별시 영등포구 신길동 236 JS타워,02-6953-2427,192103.614282017,444816.002381357,00:00,24:00,OPEN,서울 영등포 신길에 위치한 동물병원 MRI 진단 전문기관 동물의료센터24인치입니다.,45,,,https://amc24in.com/,영등포구,1,영업/정상,2026-04-07 10:34:16,2026-05-11 22:02:41,,,내과/외과/영상의학과,내과/외과/영상의학과,양혁주/은지용,https://amc24in.com/,2026-07-08,,
46,,서울대학교동물검진센터,서울특별시 광진구 구의강변로 46 금성빌딩 1 2층 (구의동),서울특별시 광진구 구의동 594-4 금성빌딩,02-6930-5747,208073.305054801,448077.378533521,08:00,17:00,OPEN,서울대가 설립한 국내 유일 반려동물 건강검진 전문 의료기관,46,,,https://animalhealthcare.kr/,광진구,1,영업/정상,2026-02-04 16:15:58,2026-05-08 22:46:01,,토/일,피부과/내과/안과/치과/예방의학과/이비인후과/비뇨기과/외과/정형외과,피부과/내과/안과/치과/예방의학과/이비인후과/비뇨기과/외과/정형외과,김윤지,https://animalhealthcare.kr/,2026-07-08,,
47,,클로버동물병원,서울특별시 양천구 신정로 312 뉴프라자 115호 (신정동),서울특별시 양천구 신정동 1267 뉴프라자,02-6958-8666,187158.467033065,445678.076325463,10:00,19:00,OPEN,클로버동물병원은 내원하는 모든 아이들의 삶이 늘 행복할 수 있도록 건강관리에 최선을 다하는 병원이 되겠습니다.,47,,,https://blog.naver.com/clover2025,양천구,1,영업/정상,2025-11-24 10:14:45,2026-05-07 22:02:41,13:00-14:00,일,내과/외과,윤재웅,윤재웅,https://blog.naver.com/clover2025,2027.07.08,고양이 전문,
48,,서정동물병원,서울특별시 노원구 동일로 1640 오아시스빌딩 1 2층 (상계동),서울특별시 노원구 상계동 1025-20 오아시스빌딩,02-930-7161,204831.422731672,463584.885015414,10:00,20:00,OPEN,강강술래 옆 상가에서 수락산역 방향으로 100m 이전 오픈하였습니다.,48,,,,노원구,1,영업/정상,2025-04-21 16:50:50,2026-05-11 22:47:50,,일요일,내과/외과,내과/외과,,,2026-07-08,,
49,,강북24시 N동물의료센터,서울특별시 강북구 도봉로 104 1 B1 B2층 (미아동),서울특별시 강북구 미아동 138-19,02-984-0075,202549.340719961,457334.840983492,00:00,24:00,OPEN,2014년 길음동에 개원한 N동물의료센터는 반려동물과 보호자분들의 곁을 지키며 올바른 진료와 따뜻한 마음으로 성장하려 노력해왔습니다. 지난 10여 년 동안 축적한 임상 경험과 연구를 바탕으로 저희는 단순히 질병을 치료하는 공간을 넘어 반려동물의 건강한 삶 전반을 함께 관리하는 평생 주치의로 자리매김하고자 2025년 4월 강북구 미아동의 신축 건물로 확장이전 하였습니다.,49,,,https://www.namc.co.kr/,강북구,1,영업/정상,2025-07-02 17:45:43,2026-05-11 22:36:27,12:30-14:00,,내과/외과/영상의학과/치과/재활,내과/외과/영상의학과/치과/재활,김용휘/권일,https://www.namc.co.kr/,2026-07-08,,
50,,모루 동물의료센터,서울특별시 중랑구 망우로 373 1층 (상봉동),서울특별시 중랑구 상봉동 74-43,02-2038-7533,208199.991565216,455149.744971697,10:00,20:00,OPEN,안녕하세요 모루동물병원입니다 :) 모루는 대장장이가 금속을 다듬고 형태를 만들어가는 데 사용하는 도구입니다. 단단한 모루 위에서 금속이 불길과 망치질을 거치며 단단하고 아름다운 모습으로 새롭게 태어나듯이 모루 동물병원은 소중한 반려동물들이 건강하고 행복한 모습으로 다시 태어날 수 있도록 돕는 병원이 되고자 합니다.,50,,,http://www.moruamc.com/,중랑구,1,영업/정상,2025-03-20 17:09:34,2026-04-25 22:32:15,13:00-14:00,매달4번째 일요일,내과/외과/안과,내과/외과/안과,이관복,http://www.moruamc.com/,2026-07-08,,
51,,한남심장내과동물병원,서울특별시 용산구 독서당로 46 111호 (한남동 한남아이파크),서울특별시 용산구 한남동 828 한남아이파크,02-6085-4777,200571.725921493,447793.924058853,09:30,19:00,OPEN,심장초음파 건강검진 내과질환(소화기 호흡기 내분비) 프라이빗한 진료실 고양이심장초음파 고양이친화(프라이빗대기실) 보호자와 한공간에서 검사 진행,51,,,https://hannamheart.com/,용산구,1,영업/정상,2025-03-20 10:38:18,2025-12-15 16:15:28,12:30-14:00,,심장/내과,심장/내과,김병진,https://hannamheart.com/,2026-07-08,심장 전문,
52,,아이랑 동물병원,서울특별시 동대문구 이문로35길 12 상가 A동 101호 (이문동 래미안라그란데아파트),서울특별시 동대문구 이문동 257-42 래미안라그란데아파트,02-2039-7676,205249.265435832,455308.651763587,,1,OPEN,아이랑동물병원은 반려동물의 건강을 지키기 위해 내과 외과 피부과 이비인후과 안과 치과 예방의학 등 기본 진료과목을 폭넓게 진료합니다. 피부 트러블 호흡기 질환 구강 관리 예방접종 노령성 질환 등 생활 속 작은 불편부터 중요한 건강 문제까지 세심하게 살펴드립니다.,52,,,http://www.irangah.co.kr/,동대문구,1,영업/정상,2025-03-04 10:35:04,2026-05-08 22:40:06,점심시간 오후 01:00 - 오후 02:00,,심장내과/외과/노령진환/고양이친화/중증질환,호대명,http://www.irangah.co.kr/,2026-07-08,,
53,,포레온 동물병원,서울특별시 강동구 양재대로 1360 포레온스테이션5 2층 2029호 (둔촌동),서울특별시 강동구 둔촌동 170-1 포레온스테이션5,02-2135-8833,212195.109947109,447197.273286818,10:00,22:00,OPEN,포레온동물병원은 반려동물들의 건강을 위해 다양한 경험과 풍부한 전문지식을 갖춘 원장님들이 진료를 담당하고 있습니다.,53,,,https://blog.naver.com/foreon_ah,강동구,1,영업/정상,2025-03-07 10:24:19,2026-05-07 22:03:39,13:00-14:00,,피부과/내과/안과/치과/이비인후과/비뇨기과/외과/정형외과,피부과/내과/안과/치과/이비인후과/비뇨기과/외과/정형외과,,https://blog.naver.com/foreon_ah,2027.07.07,,
54,,이즈 동물병원,서울특별시 동대문구 이문로35길 12 상가 C동 102호 (이문동 래미안라그란데아파트),서울특별시 동대문구 이문동 257-42 래미안라그란데아파트,02-2138-0514,205249.265435832,455308.651763587,09:30,19:30,OPEN,이즈동물병원은 국내 최대급 24시 동물병원에서부터 작은 동네병원까지 심부전 신부전 외과 노령성 질환 등 가리지 않고 여러 분야의 풍부한 경험을 쌓은 대표 원장과 24시 영상과장 경력의 석사 출신 원장이 함께합니다.,,,https://blog.naver.com/easevet0219,동대문구,1,영업/정상,2025-02-12 15:14:04,2026-05-08 22:40:06,13:00-14:00,일요일,2,외과/내과/안과/치과,여운경,https://blog.naver.com/easevet0219,2026-07-08,,
55,,아우름 동물병원,서울특별시 동작구 사당로 268 1층 (사당동),서울특별시 동작구 사당동 1001-33,02-2138-2977,197932.620226881,442381.630987122,10:00,19:00,OPEN,반려동물은 가족과도 같기에 건강한 삶을 위해 신뢰할 수 있는 병원을 찾는 것이 중요합니다. 아우름동물병원은 일반 반려동물은 물론 특수동물 진료까지 가능한 곳으로 보호자님과 반려동물이 편안하게 방문할 수 있는 의료 서비스를 제공합니다. [출처] 아우름동물병원 반려동물과 특수동물까지 전문 진료|작성자 아우름동물병원,55,,,https://blog.naver.com/aurumah,동작구,1,영업/정상,2025-05-12 11:14:58,2026-05-03 22:39:05,13:00-14:00,화요일,,외과/내과/정형외과,,https://blog.naver.com/aurumah,2026-07-08,#특수동물병원아우름동물병원 #아우름동물병원 #특수동물병원 #반려동물진료 #파충류진료 #외과수술전문 #반려동물치과 #특수동물전문병원 [출처] 아우름동물병원 반려동물과 특수동물까지 전문 진료|작성자 아우름동물병원,
56,,본외과동물의료센터,서울특별시 강서구 공항대로 103 제판매시설2동 2층 202 203호 (마곡동 마곡 엠밸리 9단지),서울특별시 강서구 마곡동 744 마곡 엠밸리 9단지,02-6091-0066,126.82699,37.56593,10:00,19:00,OPEN,본외과동물의료센터는 강서구 최초의 외과동물의료센터입니다. 전문성과 진심을 바탕으로 모든 동물과 보호자에게 편안함과 최선의 결과를 제공하는 병원으로 만들어가겠습니다.,56,,,https://blog.naver.com/bonesamc,강서구,1,영업/정상,2025-01-02 10:14:31,2026-05-09 22:02:20,13:00-14:00,수/목,외과/치과,외과/치과,박준형,https://blog.naver.com/bonesamc,2026-07-08,,
57,,청량리 슬기 동물병원,서울특별시 동대문구 왕산로 186 청량리역 우남SL타워300 218 219호 (전농동),서울특별시 동대문구 전농동 620-15 청량리역 우남SL타워300,02-3293-7582,203816.673034515,453023.128996239,10:00,22:00,OPEN,고양이 전용 진료 환경 고양이 전용 장비의 구비 고양이 행동에 대한 이해 진료 중 스트레스 최소화를 위한 세심한 케어 [출처] 청량리 고양이 친화병원 feat. 슬기동물병원|작성자 슬기동물병원,57,,,https://blog.naver.com/sgpet2024,동대문구,1,영업/정상,2024-11-21 11:58:03,2026-05-08 22:40:06,13:00-14:00,,,외과,,https://blog.naver.com/sgpet2024,2026-07-08,슬개골 고양이전문,
58,,홍제24시모아동물의료센터,서울특별시 서대문구 통일로 426 1 2층 (홍제동),서울특별시 서대문구 홍제동 137-12,02-2138-2030,195184.096878203,453892.979937057,,,OPEN,365일 24시간 진료에 최선을 다하는 홍제24시모아동물의료센터입니다. 아이들을 생각하는 한마음 한뜻 모아 반려동물의 행복하고 건강한 삶을 위해 최선을 다하겠습니,58,,,https://blog.naver.com/moa24hong,서대문구,1,영업/정상,2025-07-18 09:40:32,2026-05-11 22:02:36,,,,외과/내과/정형외과,,https://blog.naver.com/moa24hong,2026-07-08,24시의료,
59,,비비동물병원,서울특별시 광진구 능동로 21 1층 (자양동),서울특별시 광진구 자양동 65-1,02-2039-7770,205877.28221374,447919.248318372,10:00,20:00,OPEN,비비동물병원은 서울대학교 수의과대학 외과 석사 건국대학교 수의과대학 내과 석사를 전공한 의료진이 외과와 내과의 체계적인 협진으로 언제나 최선의 의료를 제공하는 동물병원입니다. 주로 관절에 특화된 정형외과 진료와 고난도 수술을 진행하고 있으며 노령 동물의 내과 심화 진료 아이들마다 가장 적절한 검사만 진행하는 커스텀 건강검진까지 제공하고 있습니다. 모두 보호자님들께서 비비동물병원을 다시 찾아주는 핵심 진료들입니다.,59,,,https://bibianimal.com/,광진구,1,영업/정상,2024-10-10 15:05:29,2026-05-08 22:46:01,13:00-14:00,,정형외과/신경외과,정형외과/신경외과,김현수,https://bibianimal.com/,2026-07-08,,
60,,쭈니동물병원,서울특별시 관악구 관악로 260 1층 101호 (봉천동 에스클래스),서울특별시 관악구 봉천동 37-82 에스클래스,02-878-7588,196214.85780253,442780.470789265,00:00,19:00,OPEN,안녕하세요. 관악구에 개원한 쭈니동물병원 입니다. 항상 정직하고 꼼꼼한 진료 약속드립니다. 오픈할인 이벤트 진행중이니 많은 관심 부탁드립니다.,60,,,https://www.instagram.com/jjuniah7588,관악구,1,영업/정상,2024-09-11 09:41:09,2026-05-08 22:40:52,13:00-14:00,수요일,피부과/내과/안과/치과/예방의학과/이비인후과/비뇨기과/외과/정형외과,피부과/내과/안과/치과/예방의학과/이비인후과/비뇨기과/외과/정형외과,,https://www.instagram.com/jjuniah7588,2026-07-08,,
61,,도그원동물의료센터,서울특별시 은평구 연서로29길 24 2층 (갈현동),서울특별시 은평구 갈현동 431-5,02-358-1591,192667.438048047,457480.990067897,,,OPEN,수의사 이전에 한 명의 반려인으로서 내 아이처럼 생각하며 꼼꼼하고 책임감 있는 진료를 위해 최선을 다하겠습니다.,61,,,https://blog.naver.com/cafedog1,은평구,1,영업/정상,2024-09-05 10:48:32,2025-12-15 16:15:28,13:00-14:00,,,,,,https://blog.naver.com/cafedog1,2026-07-08,,
62,,왕십리동물병원,서울특별시 성동구 무학로6길 50 101동 225호 (도선동 성동삼성쉐르빌),서울특별시 성동구 도선동 69 성동삼성쉐르빌 101동 225호,02-2138-1888,203017.021457357,451346.281102634,13:00,19:00,OPEN,,,,,,성동구,1,영업/정상,2025-02-06 14:08:00,2026-05-07 22:33:00,13:00-14:00,,,,,,,명칭으로중복되는병원많음,
63,,한국고양이혈액센터,서울특별시 양천구 중앙로 349 2층 (신월동),서울특별시 양천구 신월동 456-8,02-544-7975,186583.853430927,447197.797629393,10:00,19:00,OPEN,공혈묘 없는 세상을 꿈꾸는 한국 고양이 혈액센터 고양이에게 가장 적합하고 편안한 환경을 제공하는 고양이 헌혈 전문 동물병원,63,,,https://catblood.co.kr/application,양천구,1,영업/정상,2026-03-16 17:43:06,2026-05-07 22:02:41,,,헌혈,,,https://catblood.co.kr/application,2027.07.08,고양이 헌혈,
64,,아이튼튼동물병원,서울특별시 성북구 길음로 11 2층 241호 (길음동 길음역롯데캐슬트윈골드아파트),서울특별시 성북구 길음동 542-1 길음역롯데캐슬트윈골드아파트 241호,0507-1464-5666,201973.88683884,455713.244570106,09:30,20:00,OPEN,반려동물과 행복한 동행. 아이튼튼동물병원이 함께할께요. 입원치료 수술 호텔 서비스를 제공하고 있습니다. 아이들의 건강을 위해 최선을 다하겠습니다. 네이버에서 예약하시고 편리하게 이용하실 수 있습니다.,64,,,https://bemypet.kr/hospital/74,성북구,1,영업/정상,2025-12-04 08:25:36,2026-05-01 22:38:15,13:00-14:00,수요일,,외과,,,2026-07-08,정보부족,
65,,아크로벳 내과동물병원,서울특별시 광진구 광나루로 582 세종빌딩 1층 (구의동),서울특별시 광진구 구의동 202-3 1층,02-2088-7119,208181.517388785,448984.848324887,10:00,19:00,OPEN,광진구 최고의 심장 전문 동물병원 아크로벳내과동물병원입니다. 13년간 대학병원 및 2차진료기관에서 진료해온 심장내과학 석사 대표원장이 우리 강아지 고양이 아이들의 건강을 A to Z까지 직접 책임집니다.,65,,,https://www.instagram.com/acrovet_ah/,광진구,1,영업/정상,2024-10-28 09:32:16,2026-05-08 22:46:01,12:00-13:00,,내과/외과/심장내과,내과/외과/심장내과,김태준,https://www.instagram.com/acrovet_ah/,2026-07-08,,
66,,내곁에 동물병원,서울특별시 노원구 덕릉로 753 노원 롯데캐슬 시그니처 상가 101동 1-1호 (상계동 노원 롯데캐슬 시그니처),서울특별시 노원구 상계동 95-3 노원 롯데캐슬 시그니처,02-952-7599,206799.020098051,462509.638445514,10:00,20:00,OPEN,'살아있는 모든 생명체에 대한 사랑은 인간의 가장 숭고한 본능이다.' 반려동물과 함께 하는 사회. 생명 중심의 동물병원을 지향하는 내곁에동물병원입니다.,66,,,https://blog.naver.com/withmeah,노원구,1,영업/정상,2024-05-03 11:57:13,2026-05-11 22:47:50,13:00-14:00,일요일,피부과/내과/안과/치과/예방의학과/이비인후과/비뇨기과/외과/정형외과/산과,피부과/내과/안과/치과/예방의학과/이비인후과/비뇨기과/외과/정형외과/산과,이호성,https://blog.naver.com/withmeah,2026-07-08,,
67,,산들동물병원,서울특별시 중랑구 용마산로 670 C동 129 130호 (망우동 신내역 프라디움 더 테라스),서울특별시 중랑구 망우동 584 신내역 프라디움 더 테라스,02-435-7582,208947.072330515,456501.735079654,10:00,22:00,OPEN,<따뜻한 마음으로 보다듬어 진료하는 산들 동물병원입니다> - 친절하고 꼼꼼하게 진료하여 언제나 믿음직한 동물병원이 되도록 노력하겠습니다.,67,,,http://pf.kakao.com/_xgDxexmG,중랑구,1,영업/정상,2024-04-05 16:50:16,2026-04-25 22:32:15,13:00-14:00,수요일,내과/외과,내과/외과,,http://pf.kakao.com/_xgDxexmG,2026-07-08,,
68,,성수 숲속 피부과 동물병원,서울특별시 성동구 서울숲2길 32-14 지하1층 B114호 (성수동1가 갤러리아 포레),서울특별시 성동구 성수동1가 685-696 갤러리아 포레 지하1층 B114호,02-2205-2975,203684.281166499,449280.97521227,,,OPEN,오로지 피부에 집중한 숲속 피부과 진료 시스템 숲속의 편안함처럼 섬세하고 편안한 진료,68,,,http://www.skinvet.kr/,성동구,1,영업/정상,2025-02-06 14:07:28,2026-05-07 22:33:00,13:00-14:00,,,1,내과/피부과,조대희,http://www.skinvet.kr/,2026-07-09,피부과전문,
69,,다봄 동물병원,서울특별시 광진구 자양로 163 우남빌딩 (구의동),서울특별시 광진구 구의동 254-36 우남빌딩 1층,02-456-7775,207334.35237407,448890.470998334,10:00,19:30,OPEN,안녕하세요. 24년 광진구 구의동에 신규개원한 다봄동물병원입니다. 저희 병원은 개 고양이 진료 뿐만 아니라 토끼 고슴도치 도마뱀 거북 등의 특수동물 진료가 가능합니다. 특수동물 질병 뿐만 아니라 일반적 사육 영양 관리 등 문의사항이 있으시면 언제든 전화주세요~,69,,,https://www.instagram.com/dabom_ah,광진구,1,영업/정상,2024-07-29 16:10:15,2026-05-08 22:46:01,13:00-14:00,일요일,피부과/내과/안과/치과/예방의학과/이비인후과/비뇨기과/외과/정형외과/산과,피부과/내과/안과/치과/예방의학과/이비인후과/비뇨기과/외과/정형외과/산과,,https://www.instagram.com/dabom_ah,2026-07-08,,
70,,메리트원 동물의료센터,서울특별시 구로구 고척로 156 2 3층 (고척동),서울특별시 구로구 고척동 265-7,02-2611-1925,186772.546947449,444563.542190545,00:00,24:00,OPEN,저희 병원은 365일 24시 연중무휴로 운영되며 야간 응급진료도 가능합니다. 정확한 진단을 위해 미국 GE사의 초음파 장비부터 빠르고 정확한 혈액 검사 기기 안정적인 마취를 위한 동물전용 마취기까지 갖추어 정밀하고 신속한 진료를 제공합니다. 저 또한 강아지를 키우는 보호자로서 다른 보호자님들도 함께하는 아이들과 건강하고 행복하게 오래도록 지낼 수 있도록 돕고 싶습니다. 다양한 경험을 갖춘 숙련된 의료진과 최신 검증된 장비를 통해 최선을 다한 진료를 이어가겠습니다.,70,,,http://24merit1amc.com/landing.php,구로구,1,영업/정상,2024-04-02 17:00:12,2026-05-01 22:01:43,,,내과/외과,내과/외과,이득원,http://24merit1amc.com/landing.php,2026-07-08,,
71,,바른동물메디컬센터,서울특별시 서대문구 거북골로 100 상가동 19 20호 (남가좌동 래미안 루센티아),서울특별시 서대문구 남가좌동 390 래미안 루센티아 상가동 19 20호,02-6956-3383,192641.14591065,452652.059898055,09:00,23:50,OPEN,바른동물메디컬에 방문해 주셔서 감사합니다. 오랜 임상 경험을 바탕으로 일반 내과 질환 뿐 아니라 중증 질환까지 케어합니다. 보다 정확한 진단을 위해 최고성능의 의료기기를 도입하였습니다.,71,,,https://blog.naver.com/bareunamc,서대문구,1,영업/정상,2024-05-30 17:30:05,2026-05-11 22:02:36,12:00-13:00/18:00-19:00,,,외과/내과/정형외과,문성주,https://blog.naver.com/bareunamc,2026-07-08,,
72,,엘림동물병원,서울특별시 영등포구 가마산로 584 제흥한의원 1층 (신길동),서울특별시 영등포구 신길동 720 제흥한의원,02-749-6750,192955.313671889,444637.094833567,09:00,19:00,OPEN,내과 외과 치과 전문동물병원입니다 건강검진 중성화전문 입니다,46,,,https://www.instagram.com/elim_amc,영등포구,1,영업/정상,2024-05-27 11:57:37,2026-05-11 22:02:40,12:00-13:00,구정/추석연휴,내과/외과/치과,내과/외과/치과,김세준,https://map.naver.com/p/search/%EC%97%98%EB%A6%BC%EB%8F%99%EB%AC%BC%EB%B3%91%EC%9B%90/place/18195363?placePath=%2Fhome%3FabtExp%3DNEW-PLACE-SEARCH%3A1%26bk_query%3D%EC%97%98%EB%A6%BC%EB%8F%99%EB%AC%BC%EB%B3%91%EC%9B%90%26entry%3Dpll%26fromNxList%3Dtrue%26fromPanelNum%3D2%26locale%3Dko%26searchText%3D%EC%97%98%EB%A6%BC%EB%8F%99%EB%AC%BC%EB%B3%91%EC%9B%90%26svcName%3Dmap_pcv5%26timestamp%3D202607081329&placeSearchOption=abtExp%3DNEW-PLACE-SEARCH%253A1%26bk_query%3D%25EC%2597%2598%25EB%25A6%25BC%25EB%258F%2599%25EB%25AC%25BC%25EB%25B3%2591%25EC%259B%2590%26entry%3Dpll%26fromNxList%3Dtrue%26originalQuery%3D%25EC%2597%2598%25EB%25A6%25BC%25EB%258F%2599%25EB%25AC%25BC%25EB%25B3%2591%25EC%259B%2590%26x%3D126.778333%26y%3D37.649886&searchType=place&c=15.04 0 0 0 dh,2026-07-08,,
73,,위런한방재활동물병원,서울특별시 용산구 한강대로 95 225호 (한강로2가 래미안용산 더 센트럴),서울특별시 용산구 한강로2가 422 래미안용산 더 센트럴 225호,02-2138-3877,197011.737528847,447430.100250997,10:00,19:00,OPEN,침 뜸 약침과 같은 한방의학과 레이저 체외충격파 관절주사와 같은 재활의학을 통해 반려동물의 근골격계 질환을 비수술적인 방법으로 치료하는 동물병원입니다.,73,,,https://blog.naver.com/werunvet,용산구,1,영업/정상,2024-09-12 14:29:05,2025-12-15 16:15:28,13:00-14:00,일/월,정형외과,정형외과,맹정우,https://blog.naver.com/werunvet,2026-07-08,정형외과 전문,
74,,BK심장동물병원,서울특별시 성동구 고산자로6길 40 행당동 레몬프라자 1층 113호 (행당동),서울특별시 성동구 행당동 140 행당동 레몬프라자 1층 113호,02-790-9808,203071.959180897,450665.532604254,,,OPEN,BK 심장동물병원은 서울 강북 지역 유일 심장전문동물병원으로 강아지 고양이 심장병 및 합병증 관리 및 치료에 집중하고 있습니다.,74,,,https://bkhamc.co.kr/,성동구,1,영업/정상,2025-02-06 14:07:01,2026-05-07 22:33:00,12:00-14:00,일요일,1,내과,안성택,https://bkhamc.co.kr/,2026-07-09,심장병 및 합병증 치료 전문,
75,,중랑차동물병원,서울특별시 중랑구 중랑천로 81 101호 (상봉동),서울특별시 중랑구 상봉동 137-16,02-433-0787,206345.47354923,454460.821850917,10:00,18:00,OPEN,,75,,,,중랑구,1,영업/정상,2024-01-02 10:23:32,2026-04-25 22:32:15,13:00-14:00,일요일,내과/외과,내과/외과,,,2026-07-08,,
76,,혜원동물병원,서울특별시 중랑구 면목로 341 1층 (면목동),서울특별시 중랑구 면목동 497-7,02-439-8300,207729.175659582,453342.232542102,09:00,19:00,OPEN,안녕하세요. 혜원동물병원입니다. 강아지 고양이 가족의 집 가까운 친근한 동물병원입니다.,76,,,,중랑구,1,영업/정상,2023-11-06 10:56:44,2026-04-25 22:32:15,,목요일,피부과/내과/안과/치과/예방의학과/이비인후과/비뇨기과/외과/정형외과/산과,피부과/내과/안과/치과/예방의학과/이비인후과/비뇨기과/외과/정형외과/산과,,,2026-07-08,,
77,,진솔동물병원,서울특별시 은평구 연서로 72 삼성프라임 101 102호 (역촌동),서울특별시 은평구 역촌동 22-48,02-356-7547,192499.264952138,455920.490562559,,,OPEN,,,,,,은평구,1,영업/정상,2025-03-27 17:23:51,2025-12-15 16:15:28,,,,,,,,,,2026-07-08,,
78,,스무해 동물병원,서울특별시 동작구 서달로 150 2층 222호 (흑석동 이랜드해가든),서울특별시 동작구 흑석동 332 이랜드해가든,02-6953-0475,196587.030630143,444939.455414947,10:00,19:00,OPEN,우리 아이가 스무 해를 넘기도록 건강하게 행복하게 곁에 있기를. 그 마음으로 하루하루를 지킵니다. 조금 더 오래 지금 이 따뜻함이 계속되기를,78,,,https://blog.naver.com/smoohae,동작구,1,영업/정상,2023-10-06 17:27:01,2026-05-03 22:39:05,13:00-14:00,일요일,,외과,전상윤,https://blog.naver.com/smoohae,2026-07-08,고양이친화,
79,,서울동물복지지원센터 동대문 동물병원,서울특별시 동대문구 무학로 201 (용두동),서울특별시 동대문구 용두동 726-1,02-921-2413/02-921-2415,202523.469147286,453317.110098416,,,OPEN,,79,,,,동대문구,1,영업/정상,2025-02-04 13:34:07,2026-05-08 22:40:06,,,,,,,피부과 내과 안과 치과 예방의학과 이비인후과 비뇨기과 외과 정형외과 산과,,,,재확인요망 정보부족,
80,,24시 로운동물의료센터,서울특별시 양천구 등촌로 10 1~2층 (목동),서울특별시 양천구 목동 807-1,02-6953-7576,187932.730876252,447620.266190948,00:00,24:00,OPEN,본원 의료진 모두는 현재 강아지 고양이의 보호자입니다!!,80,,,http://rounamc.co.kr/,양천구,1,영업/정상,2025-09-17 11:47:58,2026-05-07 22:02:41,,,내과/외과/영상의학과,내과/외과/영상의학과,이길한,http://rounamc.co.kr/,2027.07.08,,
81,,장승준동물치과병원,서울특별시 서대문구 가좌로 113 1층 (홍은동),서울특별시 서대문구 홍은동 400-1 1층 우측상가,02-302-7502,193354.603526305,453367.066997333,09:00,19:00,OPEN,<동물 치과 전문 동물병원 장승준동물치과병원> 안녕하세요. 서울 서대문구 홍은동에 위치한 치과 전문 동물병원 장승준동물치과병원입니다.,81,,,https://blog.naver.com/allreen1,서대문구,1,영업/정상,2024-06-26 17:08:11,2026-05-11 22:02:36,13:00-14:00,일요일,1,치과,장승준,https://blog.naver.com/allreen1,2026-07-08,치과전문,
82,,뉴욕동물병원,서울특별시 종로구 창경궁로35길 19 2층 (혜화동),서울특별시 종로구 혜화동 53-11 2층,02-762-7582,200079.663985257,453836.098562833,,,OPEN,,,,,,종로구,1,영업/정상,2023-08-21 09:57:11,2025-12-15 16:15:28,,,,,,,,,,,
83,,웰니스동물병원,서울특별시 강서구 화곡로 398 홈플러스강서점앤본사사옥 4층 (등촌동),서울특별시 강서구 등촌동 639-11 홈플러스강서점앤본사사옥,02-3663-6575,187119.948165892,450691.593173724,10:00,19:30,OPEN,강서홈플러스4층 웰니스동물병원 입니다. *미용예약은 전화주세요,83,,,,강서구,1,영업/정상,2024-03-14 16:59:56,2026-05-09 22:02:20,12:30-13:30,일요일,내과/외과/치과/안과,내과/외과/치과/안과,,,2026-07-08,,
84,,로얄동물외과수술센터,서울특별시 중랑구 동일로 640 지하1 지상4층 (면목동),서울특별시 중랑구 면목동 146-75,070-8660-0936,207017.81527047,453914.639780644,00:00,24:00,OPEN,성실한 진료 믿음을 주는 수의사 행복한 강아지,84,,,https://royalamc.com/theme/hp007/tl_doctor/list01.php,중랑구,1,영업/정상,2025-11-14 16:06:06,2026-04-25 22:32:15,13:00-14:00/17:00-18:00,,피부과/내과/안과/치과/예방의학과/이비인후과/비뇨기과/외과/정형외과/산과,피부과/내과/안과/치과/예방의학과/이비인후과/비뇨기과/외과/정형외과/산과,정인성,https://royalamc.com/theme/hp007/tl_doctor/list01.php,2026-07-08,,
85,,동물병원 비아츠,서울특별시 도봉구 우이천로 446-3 (쌍문동),서울특별시 도봉구 쌍문동 474-4,02-999-7582,201440.396062205,461200.881241907,10:00,19:00,OPEN,안녕하세요. 비아츠는 치과진료 고양이진료를 전문으로 하는 약 40평 규모의 동물 병원입니다. 우리 병원의 치과진료 프로그램은 미국 UC Davis 수의과대학 동물병원의 치과진료 규약을 따르고 있습니다. 또한 초기 인테리어 설계부터 고양이 친화병원 인증을 목표로 하였기에 검진 및 수술시 동물의 스트레스를 최소화 할 수 있습니다. 환자에게는 편안함을 보호자에게는 신뢰감을 드리는 병원이 될 수 있도록 항상 공부하고 노력하겠습니다. 감사합니다.,85,,,https://vee-arts.com/,도봉구,1,영업/정상,2023-06-14 11:17:34,2026-05-09 22:02:15,12:30-13:30,일요일,1,외과/내과/치과/정형외과,김대환,https://vee-arts.com/,2026-07-08,쇼핑몰과 같이운영,
86,,24시 딜라이트 동물의료센터,서울특별시 도봉구 도봉로 578 2층 2호 (창동),서울특별시 도봉구 창동 715-1,02-904-1004,203439.44750178,461539.552727474,00:00,24:00,OPEN,언제나 반려동물을 사랑으로 맞이하겠습니다:) <소개> -도봉구 최대규모의 동물병원(200평 규모) -진료시간 365일 24시간 연중무휴 -수도권 동물병원 최초 TOSHIBA사 128 CT 도입 및 운영 -각 과별 분과 진료(다년간 대학병원 내과 외과 영상의학과 수련 전문의료진) ※예약 후 방문하시면 대기 없이 진료 가능하니 참고하시어 내원 하시길 바랍니다※ 1.응급 중환자센터운영(365일 24시간 수의사 상주 및 응급 수술 가능) 2.수술전문병원(수술실 수술 준비실 별도 구분 및 대학 병원급 수술 장비 보유) 3.고양이 특화진료(고양이 전용 대기실 진료실 입원실 구분/ ISFM 고양이 친화병원 등급 중 최고 레벨인 골드 등급 인증 획득) 4.건강검진센터 재활센터 운영(수중러닝머신 P1 레이저) *수중 러닝머신 재활 후 편의를 위하여 드라이룸이 마련되어 있습니다. 5.스케일링 전문센터 운영 (반려동물 전용 치과베드에서 진행되는 덴탈토탈케어가 진행됩니다. 치과 전용 수술실을 독립 운영하고 있습니다.) <주 차 안 내> 병원 주차장은 건물 뒷편에 넓게 마련되어 있습니다,86,,,http://delightamc.com/,도봉구,1,영업/정상,2025-11-19 16:24:43,2026-05-09 22:02:15,,,2,외과/내과/치과/정형외과,구현성,http://delightamc.com/,2026-07-08,고양이특화병원,
87,,베리굿동물병원,서울특별시 노원구 동일로203가길 29 263 264 265호 (중계동 브라운스톤중계),서울특별시 노원구 중계동 506 브라운스톤중계,02-6959-7988,205601.926027171,459732.128595514,10:00,20:00,OPEN,최신 시설 장비 깨끗하고 넓은 수술실 쾌적하고 넓은 대기실 편리한 주차공간 (무료주차 2시간) 고양이 전용 대기실/진료실이 준비되어 있습니다. 우리 고양이 강아지 보호자 가족분들 모두 편안하게 이용하실 수 있게 준비되어 있으니 언제든 방문해주세요 ^_____^ (수요일 휴진 평일 10-20시 일요일/공휴일 10-18시) 항상 친절하게 정확하고 꼼꼼한 진료를 약속드립니다. 믿고 방문할 수 있는 우리 아이들의 동네 주치의가 되어드리겠습니다.,87,,,https://blog.naver.com/niceveterinarian,노원구,1,영업/정상,2023-05-12 10:36:34,2026-05-11 22:47:50,,수요일,외과/내과,외과/내과,,https://blog.naver.com/niceveterinarian,2026-07-08,,
88,,에스동물병원,서울특별시 용산구 서빙고로 17 헤링턴스퀘어 센트럴파크 몰동 1146 1147호 (한강로3가),서울특별시 용산구 한강로3가 98,0507-1319-7975,197056.728931087,447077.126289262,10:00,20:00,OPEN,에스동물병원은 Specialized(외과 및 내과 분과) Signature(에스동물병원만의 줄기세포 엑소좀 치료) Superb(최고의) 치료를 제공합니다.,88,,,https://blog.naver.com/sanimalclinic,용산구,1,영업/정상,2023-03-16 18:43:31,2025-12-15 16:15:28,13:00-14:00,일,내과/외과,내과/외과,서준용,https://blog.naver.com/sanimalclinic,2026-07-08,,
89,,힐스타운 동물병원,서울특별시 중구 다산로 32 스포츠상가동 106-2호 (신당동 남산타운),서울특별시 중구 신당동 844 남산타운,02-2237-7582,200750.455125653,449638.824308081,,,OPEN,,,,,,중구,1,영업/정상,2026-03-13 17:37:18,2026-03-14 22:32:12,,,,,,,,,,,
90,,조형선외과동물병원,서울특별시 성동구 금호로 146 제1 2층 (금호동1가),서울특별시 성동구 금호동1가 526,02-2282-0119,201774.580419376,450208.959848768,09:30,19:30,OPEN,다양한 특수동물 (토끼 기니피그 고슴도치 앵무새 파충류 거북이 등)에 대한 진료 및 수술 또한 함께 진행하고 있습니다.,90,,,https://blog.naver.com/sunvsc2022,성동구,1,영업/정상,2022-12-08 16:03:23,2026-05-07 22:33:00,13:00-14:00,일요일,1,피부과 내과/안과/치과/예방의학과/이비인후과/비뇨기과/외과/정형외과/산과,,,,
91,,포포동물병원,서울특별시 성북구 보문로 51 (주)참존글로벌워크 1층 (보문동7가),서울특별시 성북구 보문동7가 102 (주)참존글로벌워크,02-922-7555,201873.076353983,453075.559973991,,,OPEN,안녕하세요 포포동물병원에 오신 것을 환영합니다. 최신 의료기기와 전문화된 지식으로 우리 아이들의 건강과 행복을 책임지겠습니다. 항상 아이들의 곁에 있는 병원이 되겠습니다.,91,,,https://blog.naver.com/pawpaw_amc,성북구,1,영업/정상,2026-05-27 16:30:01,2026-05-28 03:03:03,,일요일,,,,https://blog.naver.com/pawpaw_amc,2026-07-08,미용,
92,,마인동물의료센터,서울특별시 강북구 덕릉로 133 해솔빌딩 1층 102호 B1층 102호 (번동),서울특별시 강북구 번동 411-8 해솔빌딩 1층 102호 B1층 102호,02-2039-8900,202450.017901847,459211.324321126,10:00,19:00,OPEN,저희 마인동물병원은 365일 연중무휴로 영업합니다. 항상 친절한 서비스로 보답 드리겠습니다!,92,,,https://www.instagram.com/mine_animal_hospital,강북구,1,영업/정상,2022-08-12 11:31:17,2026-05-11 22:36:27,13:00-14:00,,피부과/내과/안과/치과/예방의학과/이비인후과/비뇨기과/외과/정형외과/산과,피부과/내과/안과/치과/예방의학과/이비인후과/비뇨기과/외과/정형외과/산과,,https://www.instagram.com/mine_animal_hospital,2026-07-08,,
93,,폴라동물병원,서울특별시 종로구 낙산길 311 지1층 (숭인동),서울특별시 종로구 숭인동 20-138 지1층,,201451.464239337,453137.690825347,,,OPEN,,,,,,종로구,1,영업/정상,2022-06-13 16:55:05,2025-12-15 16:15:28,,,,,,,,,,,
94,,허브동물병원,서울특별시 금천구 독산로 70-1 1층 (시흥동),서울특별시 금천구 시흥동 837,02-867-7776,191643.472408667,439056.514601277,09:30,20:00,OPEN,DR X-ray 초음파 혈액검사기 스케일러 등 각종 장비를 보유하고 있습니다. 입원 호텔 가능합니다. 반려 동물의 건강을 지키기 위해 늘 최선을 다하는 좋은 병원이 되겠습니다.,94,,,https://blog.naver.com/9407wook,금천구,1,영업/정상,2024-07-22 13:17:28,2026-05-11 22:02:28,13:00-14:00,,내과/외과,내과/외과,,https://blog.naver.com/9407wook,2026-07-08,,
95,,아이조은동물병원,서울특별시 도봉구 해등로26길 7 111 112호 (쌍문동),서울특별시 도봉구 쌍문동 215-1,02-900-7555,202807.230907617,461791.719629655,10:00,20:00,OPEN,안녕하세요 :) 저희 아이조은 동물병원은 딸 아이를 가진 부부 수의사가 운영합니다. 부모로서 병원에 오시는 보호자분들의 마음을 누구보다 잘 이해하고 있습니다. 또한 대학병원 24시대형로컬병원에서 수년간 쌓아온 임상 경험을 토대로 정확한 진료를 통해 아이들을 치료하고 있습니다. 건강검진 중환자입원관리 노령동물관리 수술전문병원에 걸맞은 최신식 의료장비를 보유 하고있습니다. 늘 우리 아이라는 마음으로 진료하겠습니다,95,,,https://blog.naver.com/ijoeunah,도봉구,1,영업/정상,2023-03-16 13:42:40,2026-05-09 22:02:14,13:00-14:00,일요일,,내과/외과,임재우,https://blog.naver.com/ijoeunah,2026-07-08,호텔/미용,
96,,닥터펫보리 특수클리닉,서울특별시 관악구 낙성대로 32 관악구재향군인회 301호 (봉천동),서울특별시 관악구 봉천동 300-17 관악구재향군인회,02-880-3119,196283.107476338,441498.769579572,,,OPEN,,,,,,관악구,1,영업/정상,2022-04-27 10:06:46,2026-05-08 22:40:52,,,-,,,,,,,,
97,,사랑해요동물병원,서울특별시 도봉구 시루봉로 59 104호 (쌍문동),서울특별시 도봉구 쌍문동 262-10 104호,02-907-7512,202376.452513796,461534.679833377,09:30,20:00,OPEN,서울시 도봉구에 위치한 사랑해요동물병원입니다. 외과수술진료가 가능하며 자세한 내용은 상세정보를 확인해 주세요.,97,,,https://hospital.fitpetmall.com/hospitals/1298,도봉구,1,영업/정상,2022-04-27 10:46:24,2026-05-09 22:02:14,,일요일,1,외과,,https://hospital.fitpetmall.com/hospitals/1298,2026-07-08,,
98,,24시 동대문 루시드 동물메디컬센터,서울특별시 동대문구 전농로 57-1 1층 2층 지하1층 동대문 루시드 동물메디컬센터 (답십리동),서울특별시 동대문구 답십리동 259-22,02-6217-0202,204958.890769622,451983.572742918,00:00,24:00,OPEN,우리 아이가 아플 때 가장 먼저 생각나는 멀리서도 찾아가는 믿음직한 동물 병원,98,,,http://www.lucidamc.co.kr,동대문구,1,영업/정상,2026-04-27 15:32:34,2026-05-08 22:40:06,,,6,종합,류재준,https://www.lucidamc.co.kr/,2026-07-08,종합병원,
99,,에스디(SD)동물의료센터 서울,서울특별시 중구 왕십리로 407 신당 파인힐 하나유보라 B1층 03 04 05호 (신당동 신당 파인힐 하나유보라),서울특별시 중구 신당동 855 신당 파인힐 하나유보라,02-2039-0303,202131.747052459,451330.482879118,,,OPEN,,,,,,중구,1,영업/정상,2026-06-04 10:12:43,2026-06-05 03:03:03,,,,,,,,,,,
100,,에스디(SD)동물영상센터 서울,서울특별시 중구 왕십리로 407 B1-1호 (신당동 신당 파인힐 하나유보라),서울특별시 중구 신당동 855 신당 파인힐 하나유보라,,202131.747052459,451330.482879118,,,OPEN,,,,,,중구,1,영업/정상,2024-06-12 15:11:02,2025-12-15 16:15:28,,,,,,,,,,,
101,,아이사랑동물병원 건강검진센터,서울특별시 강북구 삼양로24길 19 현대성우아파트 102동 1층 109호 (미아동 현대성우아파트),서울특별시 강북구 미아동 561-2 현대성우아파트,02-946-0011,201882.026836663,457207.459778606,09:30,20:00,OPEN,노형견 전문 병원,101,,,https://blog.naver.com/365isarang,강북구,1,영업/정상,2025-05-23 20:50:46,2026-05-11 22:36:27,13:00-14:00,매달 마지막 일요일,내과/외과,내과/외과,김규환,https://blog.naver.com/365isarang,2026-07-08,,
102,,모네동물피부과,서울특별시 강북구 도봉로 110-1 4층 (미아동),서울특별시 강북구 미아동 137-24,070-8691-3121,202525.877302054,457397.172231594,09:30,18:30,OPEN,모네동물피부과는 피부 전문 동물병원이며 7단계 진단으로 진료가 이루어집니다. 블로그에서 자세한 진료 목록을 보실 수 있으며 slow but sure 이라는 타이틀을 가지고 천천히 하지만 정확하게 가려 합니다. 진심을 다해 진료하겠습니다.,102,,,https://www.instagram.com/monetdvm_,강북구,1,영업/정상,2022-01-05 18:08:53,2026-05-11 22:36:27,,일요일,피부과,피부과,,https://www.instagram.com/monetdvm_,2026-07-08,,
103,,클로버 동물병원,서울특별시 구로구 서해안로 2096 203 204호 (항동),서울특별시 구로구 항동 121-1 203 204호,02-2687-7582,184272.859477603,441965.79198493,10:00,19:30,OPEN,안녕하세요. 개와 고양이는 기본! 토끼 기니피그 친칠라 고슴도치 햄스터 앵무새 거북이 도마뱀류 등 파충류까지 다양한 동물들을 진료하는 클로버동물병원 입니다. 동물에 대한 사랑을 근본으로 보호자분들과 소통하며 진료하는 것을 모토로 합니다.,103,,,,구로구,1,영업/정상,2021-09-06 10:44:29,2026-05-01 22:01:43,13:00-14:00,일요일,피부과/내과/안과/치과/예방의학과/이비인후과/비뇨기과/외과/정형외과/산과,피부과/내과/안과/치과/예방의학과/이비인후과/비뇨기과/외과/정형외과/산과,,,2026-07-08,,
104,,24시 신도림S동물의료센터,서울특별시 구로구 경인로 619-3 201호 (신도림동 신도림3차푸르지오아파트),서울특별시 구로구 신도림동 435-10 신도림3차푸르지오아파트,02-6949-3575,189681.453330502,444964.854981166,00:00,24:00,OPEN,안녕하세요. 신도림S동물의료센터입니다. 저희 동물병원은 2021년 5월 15일 (토) 정식 오픈했습니다. 반려동물과 시작하는 긴 여행의 모든 순간을 소중히 함께하는 병원이 되겠습니다. 저희 병원은 강아지 보호자와 고양이 보호자가 모두 편안함을 느끼실 수 있도록 반려견 반려묘 분리구조의 병원으로 디자인 되었습니다.,104,,,https://blog.naver.com/ssah24,구로구,1,영업/정상,2021-08-06 17:25:44,2026-05-01 22:01:43,,,피부과/내과/안과/치과/예방의학과/이비인후과/비뇨기과/외과/정형외과/산과,피부과/내과/안과/치과/예방의학과/이비인후과/비뇨기과/외과/정형외과/산과,김성범,https://blog.naver.com/ssah24,2026-07-08,,
105,,보듬동물병원,서울특별시 도봉구 해등로 255 101동 1층 121~123호 (쌍문동 에벤에셀아파트),서울특별시 도봉구 쌍문동 256 에벤에셀아파트,02-6954-7544,202422.313606872,461665.385672458,09:30,20:00,OPEN,안녕하세요 정성을 다해 진료하는 보듬동물병원입니다. 저희 보듬동물병원은 반려동물을 보듬(사람이나 동물을 가슴에 붙도록 안다)을 수 있는 병원이 되도록 항상 보호자님 반려동물 곁에서 노력하겠습니다. 쌍문동 선덕고 사거리 신원에벤에셀 상가 1층(신한은행 옆)에 위치해 있으며 25평 규모의 병원입니다. 보호자님의 편의를 위해 상가 전용 주차시설과 넓은 대기실을 제공해 드리고 있으며 오픈형 수술실 고양이 전용 대기실 및 진료실을 보유하고 있습니다.,105,,,https://hospital.fitpetmall.com/hospitals/1298,도봉구,1,영업/정상,2021-04-21 11:36:23,2026-05-09 22:02:14,13:00-14:00,일요일,1,외과/내과/치과,김태호,https://hospital.fitpetmall.com/hospitals/1298,2026-07-08,고양이특화병원,
106,,올리브동물병원,서울특별시 구로구 중앙로 64 고척프라자 (고척동),서울특별시 구로구 고척동 50-48 고척프라자,02-2135-5866,187798.86926511,444629.704821749,10:30,18:00,OPEN,올리브 동물병원은 가족과 같은 마음으로 진료와 건강 관리를 도와 드립니다.,106,,,https://blog.naver.com/veni1208,구로구,1,영업/정상,2022-01-05 14:37:29,2026-05-01 22:01:43,12:00-13:00,일요일,피부과/내과/안과/치과/예방의학과/이비인후과/비뇨기과/외과/정형외과/산과,피부과/내과/안과/치과/예방의학과/이비인후과/비뇨기과/외과/정형외과/산과,정금선,https://blog.naver.com/veni1208,2026-07-08,,
107,,원러브동물의료센터,서울특별시 성북구 아리랑로 75 상가3동 1층 110호 (돈암동 돈암코오롱하늘채),서울특별시 성북구 돈암동 644 돈암코오롱하늘채,02-6956-0040,201051.072165281,455205.325182072,10:00,20:00,OPEN,본원은 외과수술 및 중증 내과진료 전문병원이며 특히 슬개골탈구 수술 및 치과 진료와 건강검진을 중점적으로 진료합니다. 또한 고양이 전용 대기실/진료실/입원실을 분리하여 스트레스에 취약한 고양이들이 편안하게 진료받을 수 있는 환경을 제공합니다.,107,,,https://blog.naver.com/onelovevet,성북구,1,영업/정상,2025-07-08 09:25:10,2026-05-01 22:38:15,13:00-14:00,,,외과/내과.치과,,https://blog.naver.com/onelovevet,2026-07-08,고양이특화,
108,,항동푸른숲동물병원,서울특별시 구로구 항동로3길 4 와이제이프라자 104 204호 (항동),서울특별시 구로구 항동 128-14 와이제이프라자 104 204호,02-2088-7578,184418.095297236,442097.135426473,09:30,19:30,OPEN,저희는 수술을 전문으로 하는 항동푸른숲동물병원입니다. 특히 무릎관절 수술 / 스케일링 발치 치주치료 치과치료 전문 동물병원입니다. 오랜 기간 무릎과 치아문제로 고생하고 있는 아이들에게 전문적인 솔루션을 제공하고 있습니다.,108,,,https://blog.naver.com/pvc2088,구로구,1,영업/정상,2022-01-05 14:35:56,2026-05-01 22:01:43,13:00-14:00,일요일,내과/외과,내과/외과,이자원,https://blog.naver.com/pvc2088,2026-07-08,,
109,,웰튼동물의료센터,서울특별시 중구 난계로 197 1 2 4층 (황학동),서울특별시 중구 황학동 1596,02-2253-2233,201985.829607973,451869.587314453,,,OPEN,,,,,,중구,1,영업/정상,2026-01-27 09:17:44,2026-01-28 22:32:00,,,,,,,,,,,
110,,비바동물병원,서울특별시 관악구 쑥고개로 57-1 1층 (봉천동),서울특별시 관악구 봉천동 1563-6,02-872-7582,194881.551431347,441956.777752834,10:00,19:30,OPEN,관악구 신림 및 봉천동 소재 비바동물병원 입니다.,110,,,https://blog.naver.com/vivaamc_blog,관악구,1,영업/정상,2023-05-23 14:23:10,2026-05-08 22:40:52,12:30-14:00,일요일,외과/치과,외과/치과,김현석,https://blog.naver.com/vivaamc_blog,2026-07-08,,
111,,선동물병원,서울특별시 종로구 자하문로 95 신교빌딩 1층 (신교동),서울특별시 종로구 신교동 70-10,02-733-6030,197278.891939281,453572.355620921,,,OPEN,,,,,,종로구,1,영업/정상,2020-05-17 10:59:48,2025-12-15 16:15:28,,,,,,,,,,,
112,,링크동물의료센터,서울특별시 서대문구 신촌로 209 1 2층 (북아현동),서울특별시 서대문구 북아현동 251-40,02-393-7577,195447.814241712,450549.737838991,09:00,21:00,OPEN,링크동물의료센터는 365일 연중무휴로 우리 아이가 갑작스럽게 아플 때도 곁을 지켜주며 행복한 일상까지 함께 나누는 든든한 동반자가 되어 드립니다. 언제든 안심하고 찾을 수 있는 따뜻한 공간 아이와 보호자의 마음을 이해하는 병원입니다. ㅣ전문적인 고양이 치과 진료ㅣ 고양이 전발치 등 전문 진료로 아이들의 건강을 지키며 대기실/처치실/입원실을 분리해 스트레스를 최소화합니다. 입원 아이들은 넓은 그라운드에서 성향에 맞게 생활할 수 있고 고양이 전용 대기실과 강아지/고양이 진료실을 구분해 불필요한 마주침을 줄여 보호자님들께 믿음과 편안함을 드리고 있습니다.,112,,,http://linkamc.kr,서대문구,1,영업/정상,2025-05-23 16:33:58,2026-05-11 22:02:36,,,2,외과/내과,신민교,http://linkamc.kr/,2026-07-09,,
113,,퍼스트동물병원,서울특별시 성북구 한천로 713 515동 상가 206 207호 (장위동 래미안장위퍼스트하이),서울특별시 성북구 장위동 173-114 래미안장위퍼스트하이,02-911-7582,204479.769245617,457527.065931978,,,OPEN,퍼스트동물병원 진료/수술/용품/미용 예방접종 중성화수술 스켈링 내시경 심장질환 관리 노령견 노령묘 만성질환관리 수술 전문,113,,,https://blog.naver.com/jwfirstah,성북구,1,영업/정상,2025-07-08 09:23:28,2026-05-01 22:38:15,13:00-14:00,일요일,,외과/내과,,https://blog.naver.com/jwfirstah,2026-07-08,특수동물 기니피그 외,
114,,오늘동물병원,서울특별시 성동구 왕십리로 104 영화빌딩 2층 (성수동1가),서울특별시 성동구 성수동1가 656-968 영화빌딩 2층,02-469-7975,203895.448794593,449401.289888823,09:30,19:00,OPEN,오늘동물병원은 반려동물이 어릴 때 하는 예방접종부터 노령성 중증 복합 질환까지 좋은 의료장비와 최신의 수의학 지식을 토대로 환자에게 최선의 의료 서비스를 제공합니다. 보호자님과 심도 깊은 상담 후에 수의학적인 근거를 토대로 항상 환자에게 최적의 치료를 진행할 수 있도록 노력합니다.,114,,,oneulah.com,성동구,1,영업/정상,2020-04-17 16:14:52,2026-05-07 22:33:00,13:00-14:00,일요일,3,피부과 /내과 /안과 /치과 /임상병리학과 /영상의학과 /예방의학과 /이비인후과 /비뇨기과 /외과 /정형외과 /산과,윤지만,https://oneulah.com,2026-07-09,,
115,,24시 품 동물의료센터,서울특별시 동작구 상도로 195 1층 113~120 125~128호 (노량진동 힐스테이트 장승배기역),서울특별시 동작구 노량진동 336 힐스테이트 장승배기역,02-812-7585,,,00:00,24:00,OPEN,가족의 품으로 올바른 치료서비스를 시행합니다. 어려운 문제들을 풀어내는 곳. 의학의 경계를 넘어 반려동물과 의료진 서로를 풀고 품는 24시 품 동물의료센터입니다.,115,,,https://blog.naver.com/poomamc,동작구,1,영업/정상,2026-06-19 14:55:15,2026-06-20 03:03:03,,,13,내과/외과,배준호,https://blog.naver.com/poomamc,2026-07-08,고양이전문,
116,,봉천현대동물병원,서울특별시 관악구 봉천로 520 3층 (봉천동),서울특별시 관악구 봉천동 1612-1,02-878-9978,196011.003717419,441917.187262738,10:00,19:00,OPEN,심장사상충약 넥스가드스펙트라 하트가드 레볼루션 프론트라인 애드보킷 아포퀠 처방사료 레나메진,116,,,https://pf.kakao.com/_yquSxb/chat,관악구,1,영업/정상,2020-02-06 10:22:46,2026-05-08 22:40:51,,일/월,내과/외과,내과/외과,,https://pf.kakao.com/_yquSxb/chat,2026-07-08,,
117,,더편한동물병원,서울특별시 성북구 숭인로 50 상가동 2203호 (길음동 래미안길음센터피스),서울특별시 성북구 길음동 498-1 래미안길음센터피스,02-982-7975,202337.783038524,456539.190686079,10:00,19:30,OPEN,반려동물의 건강을 지키는 '더편한 동물병원'입니다. - 고양이 잘 보는 병원 - 치과 잘 하는 병원 - 노령견 노령묘 중증관리 - 카카오톡채널 의사소통 - 주말에도 정상진료,117,,,https://blog.naver.com/tphah,성북구,1,영업/정상,2026-01-22 11:16:46,2026-05-01 22:38:15,13:30-14:30,일요일,,외과/내과.치과,,https://blog.naver.com/tphah,2026-07-08,,
118,,서울동물영상종양센터,서울특별시 중구 을지로38길 20 뉴천지관광호텔 1층 (을지로5가),서울특별시 중구 을지로5가 133-1 뉴천지관광호텔,02-6956-7502,200225.983119633,451511.262755282,,,OPEN,,,,,,중구,1,영업/정상,2026-05-18 20:21:07,2026-05-19 03:03:03,,,,,,,,,,,
119,,더조은 동물의료센터,서울특별시 금천구 시흥대로 172 서우빌딩 (시흥동),서울특별시 금천구 시흥동 904-6 서우빌딩,0507-1438-2811,191374.584035138,438600.409604547,09:30,21:30,OPEN,365일 연중무휴 노령견 진료전문 종양 및 슬개골수술 전문 대학병원급 장비 보유 골드레벨 고양이친화병원 서울대학교 출신 대표원장이 정성을 다해 진료하고 있습니다.,119,,,https://blog.naver.com/thejoeunamc,금천구,1,영업/정상,2024-06-10 13:36:13,2026-05-11 22:02:24,12:00-13:00/17:00-18:00,,내과/외과,내과/외과,김기정,https://blog.naver.com/thejoeunamc,2026-07-08,,
120,,유케어종합동물병원,서울특별시 동작구 상도로 214 성은빌딩 1층 (상도동),서울특별시 동작구 상도동 27-12 성은빌딩,02-3280-8275,194835.762213041,444759.157628603,10:00,20:00,OPEN,건강검진부터 노령견관리까지,120,,,https://blog.naver.com/ucare-ah,동작구,1,영업/정상,2024-04-03 15:06:13,2026-05-03 22:39:05,13:00-14:00,,3,외과,양득주,https://blog.naver.com/ucare-ah,2026-07-08,종합동물병원,
121,,경희궁 바른 동물병원,서울특별시 종로구 송월길 99 상가동 2층 2229호 (홍파동 경희궁자이 2단지),서울특별시 종로구 홍파동 42-13 경희궁자이 2단지 상가동 2229호,,196711.256846666,452060.860508565,,,OPEN,,,,,,종로구,1,영업/정상,2023-03-31 09:34:28,2025-12-15 16:15:28,,,,,,,,,,,
122,,금천 24시 K동물의료센터,서울특별시 금천구 시흥대로 251 (시흥동 도일산호시티빌),서울특별시 금천구 시흥동 999-1,0507-1438-281,191041.238206348,439333.421297264,00:00,24:00,OPEN,- 수의사와 수의테크니션이 24시간 상주하며 응급진료 및 중환자 관리가 가능한 응급진료체계 구축,122,,,https://www.instagram.com/k_vet_clinic,금천구,1,영업/정상,2026-06-12 09:36:03,2026-06-13 03:03:03,12:00-13:00,,내과/외과,내과/외과,,https://www.instagram.com/k_vet_clinic,2026-07-08,,
123,,24시 글로리 동물병원,서울특별시 금천구 시흥대로 483 (독산동),서울특별시 금천구 독산동 145-13,02-855-8575,190933.4318253,441622.967829008,00:00,24:00,OPEN,,123,,,https://blog.naver.com/gloryamc,금천구,1,영업/정상,2025-05-12 17:04:58,2026-05-11 22:02:23,12:00-13:00,,내과/외과,내과/외과,,https://blog.naver.com/gloryamc,2026-07-08,,
124,,조아동물병원,서울특별시 금천구 금하로1라길 35 1층 (독산동),서울특별시 금천구 독산동 1102-5,02-807-1616,190230.720043589,439076.473191235,09:30,19:00,OPEN,,124,,,,금천구,1,영업/정상,2024-07-22 09:33:50,2026-05-11 22:02:23,,일요일,내과/외과,내과/외과,,,2026-07-08,,
125,,광화문동물병원,서울특별시 종로구 자하문로 35-3 씨에스코즈빌 101호 (통인동),서울특별시 종로구 통인동 147-7 씨에스코즈빌,,197383.197504794,452972.118568389,,,OPEN,,,,,,종로구,1,영업/정상,2020-07-31 15:26:29,2025-12-15 16:15:28,,,,,,,,,,,
126,,예은동물의료센터,서울 강남구 학동로29길 5 3~6층,서울 강남구 논현동 87-4,0507-1372-5583,127.03173,37.51663,00:00,24:00,OPEN,24시간 언제나 어떠한 환자라도 믿고 맡길 수 있도록 최고의 의료진이 상주합니다. 24시 2차 동물의료센터지만 1차 병원의 따뜻한 마음 그대로 정직하게 언제나 환자를 생각하는 진심을 담아 진료하겠습니다.,333,,,https://www.yeamc.com/,강남구,1,영업/정상,2025-05-23 20:50:46,2026-05-11 22:36:27,14:00~14:30,없음,피부과/내과/안과/치과/예방의학과/이비인후과/비뇨기과/외과/정형외과/산과,피부과/내과/안과/치과/예방의학과/이비인후과/비뇨기과/외과/정형외과/산과,권기범,https://www.yeamc.com/,2026-07-08,,
127,,리베동물메디컬센터,서울 송파구 삼전로 56 1~4층(삼전동),서울 송파구 삼전동 28-2 1~4층(),0507-1448-7502,127.0878407,37.50382251,00:00,24:00,OPEN,리베동물메디컬센터,222,,,https://www.liebeamc.com/info,송파구,1,영업/정상,2026-02-04 16:15:58,2026-05-08 22:46:01,오후 13:00~14:00 저녁 17:00~18:00,없음,피부과/내과/안과/치과/예방의학과/이비인후과/외과/정형외과/산과,피부과/내과/안과/치과/예방의학과/이비인후과/외과/정형외과/산과,김홍석/서범석,https://www.liebeamc.com/info,2026-07-08,,
128,,아크리스동물의료센터,서울 강남구 봉은사로104길 10 동화빌딩 3층,서울 강남구 삼성동 160-21,02-583-7582,127.0609,37.5139,10:00,19:00,OPEN,ACRIS Animal Medical Center는 1991년 이후 1998년 서울 개원부터 현재까지 항상 낮은 자세로 기본에 충실하며 최고의 의료진과 첨단장비를 기반으로 하여 반려동물 복합문화공간확립에 이바지하고자 노력을 아끼지 않고 있습니다.,111,,,https://acrisamc.co.kr/,강남구,1,영업/정상,2025-07-01 18:35:30,2026-05-09 22:02:20,12:30~13:30,일요일,치과/외과/내과,치과/외과/내과,박천식,https://acrisamc.co.kr/,2026-07-08,,
129,,24시월드펫동물메디컬센터,서울 양천구 신월로 208,서울 양천구 신월동 602-1,0507-1312-7584,126.8453314,37.52059823,00:00,24:00,OPEN,24시 월드펫동물메디컬센터는 1997년 개원 이후 28년간 다양한 임상 경험을 바탕으로 진료를 이어오고 있는 서울 양천구 신월동 24시 동물병원입니다.,999,,,https://24worldpet.com/,양천구,1,영업/정상,2025-05-23 20:50:46,2026-05-11 22:36:27,없음,없음,피부과/내과/안과/치과/예방의학과/이비인후과/비뇨기과/외과/정형외과/산과,피부과/내과/안과/치과/예방의학과/이비인후과/비뇨기과/외과/정형외과/산과,최영민,https://24worldpet.com/,2026-07-08,,
130,,고려종합동물병원,서울 강남구 선릉로 225 도곡렉슬상가 507-2호,서울 강남구 도곡동 527-3,02-575-7999,127.0487474,37.48738262,10:00,20:00,OPEN,<<< 365일 24시간 응급진료 및 전화상담 가능 >>> 국내에서 특수동물을 가장 오랫 동안 진료한 고려종합동물병원입니다.,888,,,,강남구,1,영업/정상,2025-07-02 17:45:43,2026-05-11 22:36:27,,일요일,피부과/내과/안과/치과/예방의학과/이비인후과/비뇨기과/외과/정형외과/산과,피부과/내과/안과/치과/예방의학과/이비인후과/비뇨기과/외과/정형외과/산과,노경수,,2026-07-08,,
131,,에코특수동물병원,서울 송파구 동남로 161 101호,서울 송파구 가락동 137-3,02-443-2222,127.1280367,37.49266732,09:00,19:00,OPEN,국내 최대 규모 최다 30여종 반려동물을 진료하는 에코특수동물병원입니다.,777,,,https://www.instagram.com/eco_animal_hospital,송파구,1,영업/정상,2026-05-08 10:20:36,2026-05-09 03:03:03,,,피부과/내과/안과/치과/예방의학과/이비인후과/비뇨기과/외과/정형외과/산과,피부과/내과/안과/치과/예방의학과/이비인후과/비뇨기과/외과/정형외과/산과,김미혜,https://www.instagram.com/eco_animal_hospital,2026-07-08,,
132,,아프리카 동물병원,서울 용산구 후암로 32 현석빌딩 1층 아프리카 동물병원,,02-773-1119,495066,1122180,09:30,19:00,OPEN,좋은 진료는 아이를 오래 바라보는 일에서 시작됩니다.,666,,,,용산구,1,영업/정상,2026-04-10 10:38:37,2026-05-09 22:02:20,,일요일,피부과/내과/안과/치과/예방의학과/이비인후과/비뇨기과/외과/정형외과/산과,피부과/내과/안과/치과/예방의학과/이비인후과/비뇨기과/외과/정형외과/산과,,,2026-07-08,,
133,,한양동물메디컬센터,서울 성동구 왕십리로 282,서울 성동구 행당동 226-3,0507-1444-5200,203348,451345,10:00,19:00,OPEN,한양동물메디컬센터는 지상 1층에서 3층까지 규모로 전문적인 의료시스템을 갖추고 있습니다.,555,,,https://blog.naver.com/hyamc,동대문구,1,영업/정상,2022-08-12 11:31:17,2026-05-09 22:02:20,휴게시간 없음,무,피부과/내과/안과/치과/예방의학과/이비인후과/비뇨기과/외과/정형외과/산과,피부과/내과/안과/치과/예방의학과/이비인후과/비뇨기과/외과/정형외과/산과,우재홍,https://blog.naver.com/hyamc,2026-07-08,,
134,,메디피쉬 수산질병관리원,서울 노원구 공릉로59길 15 405호,서울 노원구 하계동 274-1,0507-1373-6839,206180,459218,14:00,18:00,OPEN,열대어 및 어류 치료합니다.,444,,,https://fishdoctor.co.kr/,노원구,1,영업/정상,2026-05-08 10:20:36,2026-05-09 03:03:03,,일요일,일반치료,일반치료,미확인,https://fishdoctor.co.kr/,2026-07-08,,
136,,골드퍼피동물병원 공릉점,서울 노원구 동일로 1014 1층 2층,서울 노원구 공릉동 596-5,0507-1360-5956,127.074974,37.618884,11:00,19:30,OPEN,골드퍼피는 소아과 진료와 예방의학을 중심으로 운영되는 동물병원입니다.,136,,,https://goldpuppy.imweb.me/,노원구,1,영업/정상,2024-04-02 17:00:12,2026-05-01 22:01:43,12:15~14:00,없음,소아과/예방의학과,소아과/예방의학과,조상민,https://goldpuppy.imweb.me/,2026-07-20,,
137,,웨스턴 동물의료센터,서울 마포구 신촌로 110 웨스턴5빌딩,서울 마포구 노고산동 40-56,02-701-7580,126.93695,37.55569,00:00,24:00,OPEN,웨스턴동물의료센터는 국내 최대의 중환자 동물의료센터로서 연중 70000건의 중환자를 치료합니다.,137,,,http://westernamc.com/,마포구,1,영업/정상,2025-09-09 19:29:24,2025-12-15 16:15:28,없음,없음,피부과/내과/안과/치과/이비인후과/외과/정형외과/임상병리학과/영상의학과,피부과/내과/안과/치과/이비인후과/외과/정형외과/임상병리학과/영상의학과,홍연정,http://westernamc.com/,2026-07-20,,
138,,24시청담우리동물병원,서울 강남구 삼성로 614,서울 강남구 삼성동 70-6,02-541-7515,127.063763,37.514579,00:00,24:00,OPEN,청담우리동물병원을 찾아주셔서 감사합니다. 저희 청담우리동물병원은 우수하고 열정을 가진 의료진및 스탭진 70여명이 24시간 병원을 지키며 최선의 진료를 위해 노력하고 있습니다.,138,,,https://blog.naver.com/cdwoori,강남구,1,영업/정상,2026-06-12 09:30:00,2026-06-13 15:03:03,없음,없음,피부과/내과/안과/치과/이비인후과/외과/정형외과/임상병리학과/영상의학과,피부과/내과/안과/치과/이비인후과/외과/정형외과/임상병리학과/영상의학과,윤병국,https://blog.naver.com/cdwoori,2026-07-20,,
139,,24시 우리들동물메디컬센터,서울 양천구 신월로 355 제엠1 2층,서울 양천구 신정동 982-4,02-2642-7588,126.854541,37.519648,00:00,24:00,OPEN,국내동물병원 최초 미국 GE사 MRI 160채널 CT 최신장비 운영 20명의 수의사를 포함한 40여명의 전문진료 스텝이 24시간 상주합니다.,139,,,https://blog.naver.com/truthy2000,양천구,1,영업/정상,2024-07-22 13:17:28,2026-05-11 22:02:28,없음,없음,피부과/내과/안과/치과/이비인후과/외과/정형외과/임상병리학과/영상의학과,피부과/내과/안과/치과/이비인후과/외과/정형외과/임상병리학과/영상의학과,이규석,https://blog.naver.com/truthy2000,2026-07-20,,
140,,서초이음동물병원,서울 서초구 효령로 347 1층 서초이음동물병원,서울 서초구 서초동 1605-5,02-3474-7582,127.013486,37.491284,10:00,18:00,OPEN,서초구 서초동 소재의 이음동물병원입니다. 고양이 강아지 진료공간을 분리하여 안정적인 환경에서 진료를 제공합니다.,140,,,https://blog.naver.com/iumah/221654990719,서초구,1,영업/정상,2023-05-12 10:36:34,2026-05-11 22:47:50,13:00~14:00,없음,피부과/내과/안과/치과/예방의학과/이비인후과/비뇨기과/외과/정형외과/산과,피부과/내과/안과/치과/예방의학과/이비인후과/비뇨기과/외과/정형외과/산과,황민아/김경아,https://blog.naver.com/iumah/221654990719,2026-07-20,,
141,,24시 더힐동물의료센터,서울 용산구 독서당로 81-1 3층,서울 용산구 한남동 29-6,02-792-8275,127.005872,37.534218,00:00,24:00,OPEN,안녕하세요!! 동물과 사람을 잇는 감동의 동물병원 용산 한남동 동물병원 더힐동물의료센터입니다.,141,,,https://blog.naver.com/thehillvmc,용산구,1,영업/정상,2023-05-12 10:36:34,2026-05-11 22:47:50,12:00~13:00,없음,피부과/내과/안과/치과/이비인후과/외과/정형외과/임상병리학과/영상의학과,피부과/내과/안과/치과/이비인후과/외과/정형외과/임상병리학과/영상의학과,윤영민,https://blog.naver.com/thehillvmc,2026-07-20,,
142,,라라동물의료원,서울 구로구 도림로 72,서울 구로구 구로동 309-2,0507-1447-7585,126.89096,37.486908,10:00,19:00,OPEN,Since 1999. 약없는 피부치료 뽑지 않고 살리는 치과치료 라라동물의료원은 피부/치과/건강검진 특화 동물병원입니다.,142,,,https://blog.naver.com/lalapet,구로구,1,영업/정상,2026-02-27 09:52:26,2026-02-28 22:02:01,13:00~14:00,없음,피부과/치과/건강검진,피부과/치과/건강검진,이진민/서정임,https://blog.naver.com/lalapet,2026-07-20,,
143,,이룸 동물병원,서울 송파구 삼학사로 34 1층,서울 송파구 석촌동 217,02-419-7580,127.103466,37.502947,10:15,19:30,OPEN,,143,,,,송파구,1,영업/정상,2022-01-05 14:35:56,2026-05-01 22:01:43,13:00~14:00,일요일,내과/외과,내과/외과,,,2026-07-20,,
144,,밀리언 동물병원,서울 양천구 신월로 320 1F,서울 양천구 신정동 1028-4,02-2061-5277,126.836415,37.522828,10:10,19:00,OPEN,강아지 고양이와 영원히 함께 하자는 의미를 담은 밀리언 동물병원입니다.,144,,,https://blog.naver.com/million_amc,양천구,1,영업/정상,2026-02-27 10:52:26,2026-02-28 21:05:01,없음,일요일,산과/정형외과/비뇨기과/치과/이비인후과/안과,산과/정형외과/비뇨기과/치과/이비인후과/안과,김동혜,https://blog.naver.com/million_amc,2026-07-20,,
145,,24시 루시드동물메디컬센터,서울 강북구 월계로 3 덕신빌딩 4층,서울 강북구 미아동 42-11,0507-1442-7919,127.025899,37.623879,00:00,24:00,OPEN,국내 최고 수준 디스크 특화 센터 오직 반려동물의 회복을 위해 밤낮없이 움직이는 50여명의 의료진이 함께하는 루시드동물메디컬센터 미아 본점입니다.,145,,,https://www.lucidamc.co.kr/,강북구,1,영업/정상,2026-01-15 13:08:32,2026-01-16 22:02:00,없음,없음,피부과/내과/안과/치과/예방의학과/이비인후과/비뇨기과/외과/정형외과/산과,피부과/내과/안과/치과/예방의학과/이비인후과/비뇨기과/외과/정형외과/산과,설재민/노진희,https://www.lucidamc.co.kr/,2026-07-20,,
146,,벨라동물병원,서울 구로구 구로중앙로34길 30,서울 구로구 구로5동 501-12,02-859-8775,126.884977,37.499814,09:30,19:00,OPEN,안녕하세요. 벨라동물병원입니다.,146,,,,구로구,1,영업/정상,2023-05-12 10:36:34,2026-06-13 15:03:03,13:30~14:00,일요일,내과/안과/치과/외과,내과/안과/치과/외과,,,2026-07-20,,
147,,서울종합동물병원,서울 관악구 신림로 233 서울종합동물병원,서울 관악구 신림동 408-143,,,09:00,21:00,OPEN,서울대학교 수의학과 출신 임상 25년 이상 경력의 수술전문병원,147,,,,관악구,1,영업/정상,2025-05-12 17:04:58,2026-05-11 22:02:23,없음,없음,내과/외과,내과/외과,,,2026-07-20,,
148,,러브펫동물병원,서울 관악구 남부순환로 1429,서울 관악구 신림동 564-3,02-837-8875,126.918447,37.482835,09:30,20:00,OPEN,러브펫 동물병원은 변화하는 애완동물 문화를 접할 수 있는 공간으로 여러 애견인들의 사랑을 받고 있으며 애견 전문가의 상담이 초보 애견인은 물론 모든 애견인들에게 많은 도움을 드릴 것을 약속합니다. 또한 우리 병원은 다양한 사료와 세련되고 고급스런 애견용품은 물론 고양이 토끼 햄스터 페렛 등 모든 종류의 애완동물 용품을 완비하고 있습니다.,148,,,https://blog.naver.com/pianogrl,관악구,1,영업/정상,2023-05-12 10:36:34,2026-05-09 22:02:20,12:00~13:00,없음,내과/외과,내과/외과,,,2026-07-20,,
149,,건국대학교 부속동물병원,서울 광진구 능동로 120 건국대학교 부속 동물병원,서울 광진구 화양동 1,02-450-3664,127.075960,37.540370,24시간,24시간,OPEN,※본 병원의 모든 진료는 예약제입니다. 당일예약은 불가하며 예약없이 방문하실 경우에는 응급진료로 처리됩니다.,149,,,https://vmth.konkuk.ac.kr/vmth/index.do,광진구,1,영업/정상,2024-07-29 16:10:15,2026-05-08 22:46:01,12:00~13:00,공휴일,내과/안과/외과,내과/안과/외과,,,2026-07-20,,
150,,GD동물병원,서울 강동구 상일로 13 1 2층,서울 강동구 상일동 341-2,02-429-8822,127.170815,37.549235,10:00,19:30,OPEN,사랑과 정성으로 아픔을 돌보는 GD 동물병원 인공지능 AI X-ray 한방치료(침&뜸) 고양이 친화병원 수술 & 재활(보조),150,,,,강동구,1,영업/정상,2023-10-06 17:27:01,2026-05-03 22:39:06,12:30~13:30,일요일,내과/외과,내과/외과,,,2026-07-20,,
151,,Dr.주 동물병원,서울 강동구 양재대로 1376 광안빌딩,서울 강동구 둔촌동 517-4,02-470-0030,127.145964,37.531207,10:00,18:15,OPEN,우린 남들과 다르다.(We are different from others)는 모토(motto)로 소중한 반려동물의 건강을 위해 최선을 다하는 병원입니다. 보호자분들의 신뢰를 바탕으로 소통하고 편안한 진료를 위해 노력하겠습니다. 감사합니다.,151,,,https://blog.naver.com/bestoda,강동구,1,영업/정상,2025-09-17 11:47:58,2026-05-07 22:02:41,12:00~13:00,일요일,피부과/내과/안과/외과,피부과/내과/안과/외과,,,2026-07-20,,
152,,CH동물병원,서울 강동구 구천면로 322 창환빌딩,서울 강동구 천호동 233-145,02-488-7510,127.134482,37.543835,10:00,19:30,OPEN,강동구 천호동에 위치한 CH 동물병원입니다. 2003년 개원 후 꾸준히 고양이 강아지 치료에 대해 투자와 연구를 하는 병원입니다. 후회없는 최선을 다하는 동물병원이 되겠습니다.,152,,,https://blog.naver.com/chlea,강동구,1,영업/정상,2023-05-12 10:36:34,2026-05-11 22:47:50,12:30~13:30,일요일,피부과/내과/안과/치과/예방의학과/이비인후과/비뇨기과/외과/정형외과/산과,피부과/내과/안과/치과/예방의학과/이비인후과/비뇨기과/외과/정형외과/산과,,,2026-07-20,,
153,,강동큰숲동물병원,서울 강동구 양재대로 1384 미림빌딩 1층,서울 강동구 둔촌동 517,02-6958-7975,127.145860,37.533180,10:00,20:00,OPEN,안녕하세요 :) 마음을 다하는 큰숲동물병원입니다. 오랜 준비기간 끝에 진료 시작합니다. 대학병원 대형병원 임상 경력의 1인 원장이 직접 정성과 마음을 다해 진료합니다.,153,,,https://blog.naver.com/bigforest_vet,강동구,1,영업/정상,2025-09-09 19:29:24,2025-12-15 16:15:28,13:00~14:00,일요일,피부과/내과/안과/치과/예방의학과/이비인후과/비뇨기과/외과/정형외과/산과,피부과/내과/안과/치과/예방의학과/이비인후과/비뇨기과/외과/정형외과/산과,,,2026-07-20,,
154,,강동동물병원,서울 강동구 양재대로121길 13 101동 102호,서울 강동구 천호동 52-15,02-472-7343,127.130332,37.545496,10:00,20:00,OPEN,,154,,,,강동구,1,영업/정상,2026-02-27 09:52:26,2026-02-28 22:02:01,없음,없음,내과/안과,내과/안과,,,2026-07-20,,
155,,강동 아이안동물병원,서울 강동구 고덕로 262 고덕역 효성해링턴 타워 더퍼스트 1F,서울 강동구 명일동 46-2,02-441-2202,127.147924,37.551996,10:00,19:00,OPEN,아플 때만 잠깐 가는 곳 병이 낫는 동안 불편하게 있는 공간이 아닌 '아이'들이 편'안'한 병원. 반려견 반려묘 아이들 옆에서 늘 건강을 지키는 평생 주치의가 되겠습니다.,155,,,https://blog.naver.com/aianamc,강동구,1,영업/정상,2025-09-09 19:29:24,2025-12-15 16:15:28,13:00~14:00,일요일,내과/안과/치과/외과,내과/안과/치과/외과,,,2026-07-20,,
156,,가람동물병원,서울 강동구 성내로 36 예원빌딩,서울 강동구 성내동 550-2,02-484-5502,127.125687,37.532004,09:30,20:00,OPEN,반려동물들의 질병 치료는 물론 삶의 질을 향상시키기 위해 노력하는 병원입니다. 다년간의 경험이 많은 스텝과 의료진 넓은 대기실과 아이들 운동장 주차시설 고양이 전용 진료실 보유 다양한 수술 경험과 노하우 첨단 진료 장비 중환자를 위한 ICU 및 각 진료실마다 산소시설을 보유하고 있습니다.,156,,,https://blog.naver.com/garamah2015,강동구,1,영업/정상,2026-01-15 13:08:32,2026-01-16 22:02:00,13:00~14:00,일요일,내과/외과,내과/외과,,,2026-07-20,,
157,,가나동물병원,서울 도봉구 방학로 162,서울 도봉구 방학동 665-11,02-441-8588,127.034103,37.662646,09:30,19:00,OPEN,,157,,,,강동구,1,영업/정상,2022-01-05 14:35:56,2026-05-01 22:01:43,없음,일요일,내과/외과,내과/외과,,,2026-07-20,,
158,,길종합동물병원,서울 강동구 천호대로 1199,서울 강동구 길동 151,02-484-0075,127.143755,37.538743,10:00,19:00,OPEN,안녕하세요! 길종합동물병원입니다.,158,,,,강동구,1,영업/정상,2023-03-31 09:34:28,2025-12-15 16:15:28,12:30~13:30,일요일,내과/외과,내과/외과,,,2026-07-20,,
159,,박형우동물병원,서울 강동구 올림픽로 568 2층,서울 강동구 성내동 322-6,02-488-8275,127.128387,37.528786,10:00,20:00,OPEN,안녕하세요! 박형우동물병원입니다.,159,,,,강동구,1,영업/정상,2025-07-18 09:40:32,2026-05-11 22:02:36,없음,목/일,내과/외과,내과/외과,,,2026-07-20,,
160,,방주동물의료센터,서울 강동구 양재대로 1299 1층 방주동물의료센터,서울 강동구 성내동 449-13,02-476-3927,127.126643,37.533948,10:00,19:30,OPEN,안녕하세요. 강동구 성내동에 위치한 동물병원 [방주동물의료센터] 입니다. 2026년 방주동물의료센터가 10주년을 맞이합니다. 그동안 신뢰와 믿음으로 반려동물을 맡겨주신 모든 보호자님들께 진심으로 감사드립니다. 앞으로도 건강하고 행복한 동물병원을 꿈꾸며 반려동물과 함께하는 삶의 가치를 함께 만들어 나아가기를 기대합니다. 따듯한 마음과 전문성으로 여러분의 소중한 반려동물의 건강을 지켜나가겠습니다.,160,,,https://blog.naver.com/bangzoo_animals,강동구,1,영업/정상,2026-06-01 10:33:45,2026-06-02 22:02:03,없음,일요일,내과/외과/치과,내과/외과/치과,,,2026-07-20,,
161,,방주종합동물병원,서울 광진구 능동로 334 경남빌딩,서울 광진구 중곡동 161-27,02-454-9975,127.083259,,10:00,20:00,OPEN,,161,,,,광진구,1,영업/정상,2026-05-20 14:37:23,2026-05-21 03:03:03,없음,일요일,내과/외과,내과/외과,,,2026-07-20,,
162,,금나래동물병원,서울 금천구 벚꽃로 30 지하1층 B127호,서울 금천구 독산동 1150,02-809-0075,126.897463,37.467973,10:00,19:30,OPEN,카톡문의 / 카톡아이디(ID검색 8090075) / 귀치료 특화 / 전신마취 없이 노령견 혹 제거 / 십자인대 비수술적 교정 / 고양이 옆구리 암컷중성화 당일수술·당일퇴원 / 햄스터·고슴도치·토끼·거북이 진료 / 최고수준의 혈액검사·방사선·초음파 장비 구비 / English speaking,162,,,,금천구,1,영업/정상,2025-12-24 16:10:24,2026-05-11 22:46:56,13:00~14:00,일요일,내과/안과/치과/외과,내과/안과/치과/외과,,,2026-07-20,,
163,,금천동물병원,서울 금천구 독산로 188,서울 금천구 독산동 378-397,02-894-8085,126.904855,37.471921,10:00,19:30,OPEN,,163,,,,금천구,1,영업/정상,2026-04-23 17:48:45,2026-05-11 22:46:56,없음,일요일,내과/안과/치과/외과,내과/안과/치과/외과,,,2026-07-20,,
164,,금호동물병원,서울 성동구 금호로 105 비201호,서울 성동구 금호동2가 1217,02-2281-0049,127.023378,37.553524,10:00,19:00,OPEN,,164,,,,성동구,1,영업/정상,2026-04-21 18:05:24,2026-05-11 22:46:56,없음,없음,내과/안과/치과/외과,내과/안과/치과/외과,,,2026-07-20,,
165,,기린동물병원,서울 성동구 마장로 296,서울 성동구 마장동 791-9,02-2291-8275,127.042651,37.567870,10:00,18:30,OPEN,,165,,,https://blog.naver.com/kirinvet,성동구,1,영업/정상,2025-10-13 10:24:58,2026-05-02 22:44:24,없음,일요일,피부과/내과/안과/치과/예방의학과/이비인후과/비뇨기과/외과/정형외과/산과,피부과/내과/안과/치과/예방의학과/이비인후과/비뇨기과/외과/정형외과/산과,,,2026-07-20,,
166,,길음동물병원,서울 성북구 동소문로 248 102동 106호,서울 성북구 길음동 1276,02-913-1874,127.024954,37.611916,10:00,19:00,OPEN,,166,,,,성북구,1,영업/정상,2026-01-05 11:26:48,2026-05-02 22:44:24,없음,일요일,내과/안과/치과/외과,내과/안과/치과/외과,,,2026-07-20,,
167,,김미경동물병원,서울 도봉구 마들로 664 킴스타워 2층 김미경동물병원,서울 도봉구 도봉동 636-12,02-955-9530,127.043628,37.684894,09:30,19:30,OPEN,안녕하세요. 도봉구에서 21년째 반려동물의 건강을 지켜온 김미경동물병원입니다. 끝까지 책임지는 진료 정직한 진료 치료 이후까지 함께하는 책임진료를 약속드립니다.,167,,,https://pf.kakao.com/_bmXYn,도봉구,1,영업/정상,2026-02-13 10:04:07,2026-05-02 22:44:24,12:30~13:30,없음,내과/안과/치과/외과,내과/안과/치과/외과,,,2026-07-20,,